Date,Count,temp,humidity,precip,precipcover,windgust,windspeed,winddir,cloudcover,visibility,uvindex,conditions,AQI
1/1/22,173,77,73,0,0,24.4,15.3,145.8,25,9.8,4,Partially cloudy,25
1/2/22,289,77.4,72.5,0,0,27.1,15.7,170.5,22,9.9,6,Partially cloudy,29
1/3/22,378,71.2,72.1,0,0,25.1,13.2,283.9,29.7,9.9,3,Partially cloudy,29
1/4/22,405,68.7,64.8,0,0,22.1,13.9,45.1,48,9.9,6,Partially cloudy,31
1/5/22,435,72.7,78.9,0.057,12.5,20.8,10.3,119.3,52.8,9.8,6,"Rain, Partially cloudy",32
1/6/22,459,69.9,67.8,0,0,17.2,10.6,312.2,16.9,9.9,6,Clear,32
1/7/22,552,74.9,73.6,0,0,19.9,11.6,359.8,49.1,9.9,6,Partially cloudy,40
1/8/22,569,75.6,71.7,0,0,28,16.6,67.4,61.4,9.9,5,Partially cloudy,40
1/9/22,448,75.8,74,0.06,50,28.2,19.6,87.4,92.1,9.6,3,"Rain, Overcast",26
1/10/22,302,74.7,76.7,0.015,8.33,19.7,10.6,55.1,45.2,9.9,6,"Rain, Partially cloudy",16
1/11/22,174,68.8,85.2,0.731,50,29.1,13.7,7.4,60.9,9.4,4,"Rain, Partially cloudy",29
1/12/22,341,72.2,62.1,0.002,4.17,27.5,17.6,69.4,72.6,9.9,6,"Rain, Partially cloudy",40
1/13/22,483,69.9,67.6,0,0,23.6,12.9,309.1,43.8,9.9,6,Partially cloudy,39
1/14/22,452,62.4,59.3,0,0,30.5,13.6,310.8,2,9.9,6,Clear,30
1/15/22,554,64,60.3,0,0,12.3,11,125.3,1.7,9.9,6,Clear,32
1/16/22,634,69.9,76,0.626,20.83,32.6,18.1,198.4,58.7,9.8,1,"Rain, Partially cloudy",52
1/17/22,540,64,67,0,0,28.4,17.9,281.3,17.1,9.9,6,Clear,45
1/18/22,532,58.8,64.2,0,0,20.8,8.7,348,5.4,9.9,7,Clear,30
1/19/22,559,65.4,66.2,0,0,21.9,15.3,103.9,55.7,9.9,7,Partially cloudy,30
1/20/22,597,72.4,79.4,1.481,33.33,20.1,15.9,123.9,69.2,9.1,7,"Rain, Partially cloudy",35
1/21/22,632,74.1,85.7,0.697,33.33,42.5,9.1,99.6,70.5,9.7,4,"Rain, Partially cloudy",34
1/22/22,707,69.5,87.9,0.015,4.17,18.1,12.6,338,71.6,9.7,5,"Rain, Partially cloudy",52
1/23/22,608,58.4,85.5,0.02,12.5,19.7,14.1,307.5,81.7,9.4,4,"Rain, Partially cloudy",40
1/24/22,503,53.5,60.7,0,0,21.9,9.4,311.5,27.9,9.9,7,Partially cloudy,32
1/25/22,489,62.6,63.7,0,0,18.3,11.8,83.8,39.6,9.9,5,Partially cloudy,29
1/26/22,543,73.9,78.4,0.481,33.33,25.9,14.5,196.7,79,9.8,4,"Rain, Partially cloudy",31
1/27/22,467,70.9,86.5,0.005,4.17,14.3,10.9,352,72.8,9.6,6,"Rain, Partially cloudy",26
1/28/22,578,66.9,80.9,0,0,23.1,14.6,284.2,66.1,7.1,5,Partially cloudy,26
1/29/22,607,55.5,49.4,0,0,36.4,23.5,305.1,26.5,9.9,7,Partially cloudy,35
1/30/22,589,50.4,41.3,0,0,20.1,12.1,326.8,2.3,9.9,7,Clear,30
1/31/22,462,57.8,51.2,0,0,20.2,10.6,13.1,8.5,9.9,7,Clear,25
2/1/22,368,68.4,51.5,0,0,26.4,17.6,78,56.6,9.9,5,Partially cloudy,23
2/2/22,548,73.2,58.7,0,0,27.4,18.8,109.5,39.9,9.9,6,Partially cloudy,30
2/3/22,554,74.8,66.9,0,0,25.3,17.7,123.2,34.4,9.9,7,Partially cloudy,30
2/4/22,673,75.5,71.9,0,0,24.2,16.7,136.9,31.6,9.9,8,Partially cloudy,36
2/5/22,729,73,79.2,0.571,12.5,15.4,12.8,51.8,40.9,9.7,6,"Rain, Partially cloudy",50
2/6/22,548,72.9,80.5,0.855,25,15.7,11.1,143.7,59.8,9,6,"Rain, Partially cloudy",36
2/7/22,343,72.1,81,0,0,19.7,11.1,170.8,41.7,8.4,6,Partially cloudy,29
2/8/22,249,70.1,84.9,0.244,29.17,21.5,9.7,7.3,72.2,9.7,7,"Rain, Partially cloudy",25
2/9/22,84,63.7,89.5,0.246,25,18.3,10.9,331.2,88.1,9.7,2,"Rain, Partially cloudy",16
2/10/22,413,67,68.3,0,0,20.8,11.4,13,23.6,9.9,6,Partially cloudy,25
2/11/22,465,72.4,75,0,0,14.1,12.7,85.3,61.5,9.9,8,Partially cloudy,30
2/12/22,600,74.2,77.9,0,0,15.4,11.9,69,30.2,9.9,7,Partially cloudy,35
2/13/22,143,70.2,82.7,0.849,25,25.3,12.5,308.2,63,9.2,3,"Rain, Partially cloudy",16
2/14/22,335,61.3,64.8,0,0,25.3,14.8,342.4,14.5,9.9,8,Clear,21
2/15/22,290,68.1,61.7,0,0,31.2,20.9,63.4,65.9,9.9,5,Partially cloudy,25
2/16/22,338,73.1,71.4,0.264,29.17,31.6,22.1,81.2,88.1,9.4,6,"Rain, Partially cloudy",25
2/17/22,278,76,81.1,0.145,29.17,28.7,18.6,116.3,89.4,9.6,6,"Rain, Partially cloudy",26
2/18/22,559,77.4,80.2,0,0,20.8,13.1,158.9,44.4,9.9,7,Partially cloudy,32
2/19/22,409,74.2,84.9,0.105,16.67,19.2,10.6,325.5,78,9.5,8,"Rain, Partially cloudy",28
2/20/22,568,72.9,67.4,0,0,25.3,16,52.7,75.2,9.9,7,Partially cloudy,33
2/21/22,559,74.3,67.8,0.005,4.17,21,12.8,71.9,55.2,9.9,7,"Rain, Partially cloudy",31
2/22/22,450,76,75.2,0.059,12.5,26.2,18,90.1,63.7,9.9,6,"Rain, Partially cloudy",28
2/23/22,594,76.1,71.4,0,0,21.3,15,94.1,41.7,9.9,7,Partially cloudy,34
2/24/22,515,76.1,72.1,0,0,24.2,16.1,105.3,46.2,9.9,9,Partially cloudy,28
2/25/22,649,75.9,67.6,0,0,21.5,12.8,92.8,36.3,9.9,6,Partially cloudy,52
2/26/22,805,75.6,67.5,0,0,21,14.7,80,30.3,9.9,8,Partially cloudy,51
2/27/22,689,76.5,77.7,0.217,16.67,20.8,14.3,127,55.6,9.7,7,"Rain, Partially cloudy",47
2/28/22,524,74.8,72.5,0.003,4.17,18.1,11.4,260.6,52.2,9.9,8,"Rain, Partially cloudy",36
3/1/22,405,71,78.5,0,0,19.7,13.3,333.3,60.9,9.8,8,Partially cloudy,28
3/2/22,415,70.6,77.1,0.022,8.33,17.2,8.3,356.6,77.2,9.9,5,"Rain, Partially cloudy",28
3/3/22,490,73.1,69.9,0,0,24.2,13.2,71.1,29.4,9.9,9,Partially cloudy,29
3/4/22,634,75.5,58.5,0,0,25,16.1,65.3,24.3,9.9,7,Partially cloudy,35
3/5/22,745,77,63.5,0.005,4.17,32.9,22.7,84.9,56.6,9.9,8,"Rain, Partially cloudy",41
3/6/22,687,77.7,61.7,0,0,28.5,20.4,100.8,77.7,9.9,9,Partially cloudy,42
3/7/22,567,78.1,73.6,0,0,29.4,19.8,118.7,82.9,9.9,6,Partially cloudy,31
3/8/22,707,79.2,73.5,0,0,24.2,17.2,144.1,47.6,9.9,8,Partially cloudy,42
3/9/22,776,79.5,72.5,0,0,29.5,17.1,158.4,24.7,9.9,9,Partially cloudy,39
3/10/22,447,78.5,81,0.291,20.83,28.9,15.6,164.4,43.2,9.9,6,"Rain, Partially cloudy",28
3/11/22,718,78.9,78.3,0,0,28.9,18,159.7,18.2,9.7,9,Clear,56
3/12/22,584,76.1,68.4,0.017,4.17,43.6,28.8,245.9,48.1,9.8,7,"Rain, Partially cloudy",30
3/13/22,806,64.1,55.5,0,0,29.3,18.5,24.8,49,9.9,9,Partially cloudy,52
3/14/22,531,72,60.7,0,0,29.1,17.8,71.3,81,9.9,7,Partially cloudy,32
3/15/22,110,74.1,86,0.314,45.83,30,16.5,75.4,93.4,9,3,"Rain, Overcast",16
3/16/22,345,76.4,83,0.084,12.5,28.9,16.6,166.7,45.5,9.8,7,"Rain, Partially cloudy",21
3/17/22,376,77.1,82.8,0.052,12.5,19.7,15,171.1,60.6,9.9,7,"Rain, Partially cloudy",17
3/18/22,633,77.6,80.6,0,0,21.9,13.5,130.6,25.1,9.6,7,Partially cloudy,36
3/19/22,698,79.7,77.9,0,0,24.4,14.2,138,20.3,9.9,9,Partially cloudy,34
3/20/22,609,77.7,79.5,0.013,4.17,23,15.2,38.6,41.6,9.8,6,"Rain, Partially cloudy",35
3/21/22,520,75.2,60.1,0,0,33.3,18.2,61.8,37.5,9.9,9,Partially cloudy,30
3/22/22,516,76.3,61.1,0,0,28.9,18.3,108.8,64.2,9.9,9,Partially cloudy,30
3/23/22,500,79.2,75.4,0,0,29.3,20.3,134.9,60.6,9.9,9,Partially cloudy,29
3/24/22,386,80.7,74.5,0.09,8.33,34.4,20.6,171.5,53.4,9.8,8,"Rain, Partially cloudy",26
3/25/22,472,72.7,62,0.203,12.5,22.8,13.1,326.3,50.3,9.8,7,"Rain, Partially cloudy",28
3/26/22,689,69.6,52.2,0,0,19.7,12.6,312.8,1.8,9.9,9,Clear,41
3/27/22,665,69.7,51.3,0,0,25.3,15.8,334.3,0.4,9.9,9,Clear,39
3/28/22,547,71.8,55,0,0,18.1,11.4,105,5.7,9.9,9,Clear,34
3/29/22,426,74.1,63.5,0,0,21.9,11.1,75.9,1.3,9.9,9,Clear,30
3/30/22,510,78.1,60.9,0,0,32.2,21.1,127,25.2,9.9,9,Partially cloudy,29
3/31/22,481,79.7,68.3,0,0,33.5,23,153.7,49.1,9.9,9,Partially cloudy,36
4/1/22,491,80.8,77.7,0.015,4.17,25.7,16.4,168.2,68.5,9.9,6,"Rain, Partially cloudy",31
4/2/22,681,79.4,79.4,0.978,12.5,28.5,17.7,158.8,59.1,9.8,7,"Rain, Partially cloudy",39
4/3/22,532,75.8,76.5,0.055,16.67,18.1,9.6,343.8,61,9.8,8,"Rain, Partially cloudy",35
4/4/22,282,78,79.3,0.005,4.17,21.9,14.9,103.8,62.3,9.9,7,"Rain, Partially cloudy",25
4/5/22,456,81,78.1,0,0,29.1,18.8,143.9,35.6,9.9,10,Partially cloudy,28
4/6/22,505,82.2,78.3,0.005,4.17,26.4,16.5,161,29.8,9.9,7,"Rain, Partially cloudy",28
4/7/22,429,81.8,77.1,0.464,16.67,37.1,21.3,190.4,32.5,9.6,7,"Rain, Partially cloudy",26
4/8/22,677,75.6,58.1,0,0,22.2,14.2,297.4,31.4,9.9,9,Partially cloudy,36
4/9/22,791,70.4,49.5,0,0,30.1,18.1,288.7,15.6,9.9,9,Clear,38
4/10/22,734,66.9,52.7,0,0,22.8,14.1,22.1,22.6,9.9,10,Partially cloudy,42
4/11/22,578,72.8,58.4,0,0,27.1,15.7,95.2,51.1,9.9,9,Partially cloudy,35
4/12/22,532,76.6,55.5,0,0,27.4,16.6,107.3,68.3,9.9,10,Partially cloudy,31
4/13/22,579,78,63.3,0,0,27.3,16.4,116.8,41.3,9.9,8,Partially cloudy,33
4/14/22,544,79.7,76.1,0,0,24.6,17.2,130.4,43.9,9.9,10,Partially cloudy,36
4/15/22,398,77.6,82.9,0.16,29.17,27.1,19.6,102.8,56.2,9.7,9,"Rain, Partially cloudy",14
4/16/22,716,78.8,73.1,0,0,28.9,15.3,109.4,34.9,9.9,9,Partially cloudy,39
4/17/22,362,79.6,71.9,0,0,23,15.6,103.5,25.4,9.9,10,Partially cloudy,26
4/18/22,363,79.4,71,0.023,4.17,20.8,11.7,108.6,37.4,9.9,10,"Rain, Partially cloudy",25
4/19/22,472,77.3,73.7,0,0,29.1,19.7,16.8,22.1,9.9,8,Partially cloudy,25
4/20/22,500,76.3,62.6,0,0,29.9,22.3,58.9,42.7,9.9,6,Partially cloudy,30
4/21/22,474,76.6,61.1,0,0,27.4,19.9,67,56.7,9.9,10,Partially cloudy,30
4/22/22,581,77.2,66.7,0.017,4.17,30.6,21.9,62,76.8,9.9,7,"Rain, Partially cloudy",33
4/23/22,796,76.7,65.6,0,0,28.9,19.2,70.3,69.8,9.9,8,Partially cloudy,50
4/24/22,754,77.9,65.2,0,0,26.2,17.2,91.9,47.9,9.9,10,Partially cloudy,42
4/25/22,614,78.8,66.4,0.005,4.17,23,15.8,94.8,48.4,9.9,9,"Rain, Partially cloudy",35
4/26/22,586,78.6,63.9,0,0,18.8,13.2,95.2,37.9,9.9,9,Partially cloudy,30
4/27/22,611,78.6,65.7,0,0,21.7,14.5,135.6,33,9.9,6,Partially cloudy,30
4/28/22,410,77.3,74.6,0.381,12.5,27.4,17.5,142,58.7,9.6,8,"Rain, Partially cloudy",21
4/29/22,279,76,68.8,0.017,4.17,23,16,82.7,72.4,9.9,6,"Rain, Partially cloudy",16
4/30/22,291,76.7,77.4,0.492,37.5,26.4,16.1,92,65.3,9.5,8,"Rain, Partially cloudy",14
5/1/22,555,78.5,67.6,0,0,20.8,13.5,93.6,27.2,9.9,10,Partially cloudy,30
5/2/22,461,79.5,69.8,0,0,25.9,18.7,109.8,31.8,9.9,10,Partially cloudy,30
5/3/22,343,79.2,77,0.072,4.17,20.8,14.5,95.4,45.1,9.9,4,"Rain, Partially cloudy",25
5/4/22,388,79.2,79.1,0.005,4.17,13.9,12,85.9,26.2,9.9,9,"Rain, Partially cloudy",27
5/5/22,482,79.7,73.6,0,0,17.9,12,115.4,6.8,9.9,9,Clear,28
5/6/22,581,82.6,69.5,0.08,4.17,20.8,12.2,203.3,20.8,9.8,8,"Rain, Partially cloudy",30
5/7/22,567,81.6,73.6,0.025,12.5,31.2,22.7,249.3,42.8,9.9,6,"Rain, Partially cloudy",31
5/8/22,565,79.7,75.1,0.171,8.33,21.9,13.3,257.1,38.3,9.8,8,"Rain, Partially cloudy",33
5/9/22,588,78.8,74.1,0,0,23.6,17.5,54.8,48,9.9,9,Partially cloudy,33
5/10/22,531,77.1,58.5,0,0,27.5,17.9,37.5,46,9.9,10,Partially cloudy,30
5/11/22,551,74,66.9,0,0,31.2,19.5,2.9,45.1,9.9,8,Partially cloudy,31
5/12/22,514,74.2,73.4,0.035,8.33,21,13.2,23.3,43.4,9.8,8,"Rain, Partially cloudy",30
5/13/22,559,77.1,72.8,0,0,23,14.4,131.7,40.4,9.9,8,Partially cloudy,30
5/14/22,650,78.9,73.1,0.158,12.5,23,13.7,100.1,38.5,9.8,8,"Rain, Partially cloudy",34
5/15/22,543,80.1,77.4,0.468,16.67,20.4,14.2,120.4,47.5,9.7,9,"Rain, Partially cloudy",30
5/16/22,328,79.4,73.6,0.005,4.17,18.8,13.4,208.1,42.2,9.9,10,"Rain, Partially cloudy",25
5/17/22,413,80,72.8,0,0,21,14,147.7,14.3,9.9,9,Clear,28
5/18/22,482,82.6,68.7,0,0,17,14.6,134.5,14.7,9.9,9,Clear,28
5/19/22,428,83.3,72.9,0,0,23.7,16.5,137.2,17.1,9.9,10,Clear,27
5/20/22,119,78.2,86.1,2.779,54.17,35.9,23.1,83.3,62.8,8.5,5,"Rain, Partially cloudy",10
5/21/22,412,83.4,81.8,0,0,24.6,17.5,117.1,65.1,9.7,8,Partially cloudy,23
5/22/22,501,83.6,75.6,0,0,25.5,16.9,113,46.4,9.9,8,Partially cloudy,30
5/23/22,366,82.6,73.4,0.089,8.33,27.7,16.2,107,49.3,9.8,10,"Rain, Partially cloudy",21
5/24/22,390,82.8,67.1,0,0,26.2,17.8,114.3,39.5,9.9,10,Partially cloudy,23
5/25/22,368,82.5,69,0.03,8.33,28.6,17.2,115.7,42.1,9.8,8,"Rain, Partially cloudy",26
5/26/22,441,82.4,66,0,0,23.5,15.8,114.4,20.1,9.9,10,Partially cloudy,27
5/27/22,495,83.4,68.2,0,0,25.3,16.7,144.2,49.4,9.8,8,Partially cloudy,29
5/28/22,550,81.6,74.4,0.078,8.33,31.2,16.4,156.9,30.6,9.8,9,"Rain, Partially cloudy",30
5/29/22,277,77.8,81.2,2.272,25,33.4,22.8,145.5,41.3,9.1,7,"Rain, Partially cloudy",25
5/30/22,344,79.8,75.6,0,0,29.8,17.2,98.8,31.5,9.9,8,Partially cloudy,26
5/31/22,397,80.3,77.5,0.063,4.17,14.8,11.9,72.3,34.7,9.8,9,"Rain, Partially cloudy",26
6/1/22,347,80,79.9,0.686,20.83,20.1,11.7,42.2,49.3,9.6,8,"Rain, Partially cloudy",25
6/2/22,223,78.3,85.6,1.306,16.67,26.4,12.8,106.1,35.4,9.9,10,"Rain, Partially cloudy",22
6/3/22,24,75,91.9,1.817,79.17,31.3,18.6,129.8,94,7.3,2,"Rain, Overcast",10
6/4/22,4,77.9,93.2,4.069,83.33,36.9,18.6,196.4,94.5,6.2,7,"Rain, Overcast",10
6/5/22,424,80,81.3,0,0,16.3,11.8,217.6,41.9,9.9,10,Partially cloudy,30
6/6/22,283,82.1,82.6,0.197,29.17,29.5,14.2,157.2,55,9.7,9,"Rain, Partially cloudy",26
6/7/22,185,78.8,85.9,0.532,16.67,34.4,13.7,187.7,61.6,9.7,7,"Rain, Partially cloudy",24
6/8/22,269,79.5,80.7,0.645,20.83,32.2,13.4,203.7,38.8,9.7,9,"Rain, Partially cloudy",25
6/9/22,174,78.8,84.2,0.223,25,17.9,13.3,239.3,40,9.6,10,"Rain, Partially cloudy",22
6/10/22,268,79.9,79.1,0.249,16.67,20.8,16.5,235.6,41.2,9.9,10,"Rain, Partially cloudy",22
6/11/22,350,79.4,79.3,0.045,12.5,20.3,11.2,184.2,37.6,9.9,9,"Rain, Partially cloudy",26
6/12/22,438,83.2,75.9,0.015,8.33,19.2,13.6,163.1,31.1,9.9,8,"Rain, Partially cloudy",27
6/13/22,343,85.1,76.3,0,0,19.7,12.7,111.2,23.8,9.9,8,Partially cloudy,26
6/14/22,350,84.9,77.1,0.013,4.17,21.9,11.7,115.1,17.4,9.7,8,Rain,25
6/15/22,465,84.5,72.9,0,0,21.9,13.3,93.5,19.4,9.6,9,Clear,28
6/16/22,488,85,72.1,0,0,21.9,13.6,78.2,17.8,9.9,9,Clear,28
6/17/22,560,84.2,74.5,0.203,16.67,24.2,13.1,60,27,9.8,8,"Rain, Partially cloudy",30
6/18/22,717,83.4,71.2,0,0,33.3,12,101.3,23.2,9.9,8,Partially cloudy,35
6/19/22,438,84.2,72.4,0,0,17.2,10.5,159.2,32.6,9.9,10,Partially cloudy,27
6/20/22,405,83.3,76.5,0.677,29.17,35.6,10.6,80.2,37.3,9.8,6,"Rain, Partially cloudy",26
6/21/22,405,82.5,73.7,0.087,8.33,24.8,17.6,42.6,43.2,9.8,8,"Rain, Partially cloudy",26
6/22/22,386,82,64.8,0.036,4.17,21.9,14,71.9,64.8,9.9,9,"Rain, Partially cloudy",26
6/23/22,416,82.2,65.8,0,0,17.2,10.9,128.6,14.4,9.9,10,Clear,26
6/24/22,476,85.2,68.6,0.006,8.33,17.9,13.1,186.7,23,9.9,9,"Rain, Partially cloudy",27
6/25/22,449,83,78.5,0,0,29.8,12.5,247.8,38.8,9.8,6,Partially cloudy,26
6/26/22,447,83.8,77.7,0.013,4.17,17.2,13.1,129.9,29.3,9.9,9,"Rain, Partially cloudy",26
6/27/22,384,84.4,75,0,0,23,16.4,111.6,20.7,9.9,10,Partially cloudy,26
6/28/22,285,84.1,73.5,0.168,12.5,20.4,13.5,105.8,35.6,9.9,10,"Rain, Partially cloudy",22
6/29/22,259,83.8,77.1,0,0,19.7,11.2,122.2,39.2,9.9,7,Partially cloudy,22
6/30/22,272,85.4,76.3,0,0,21.9,14.6,125.4,36.7,9.9,9,Partially cloudy,22
7/1/22,480,86,72.4,0,0,23,16.1,119.1,38.3,9.9,9,Partially cloudy,28
7/2/22,368,85.7,72.9,0.327,16.67,27.7,14,128.7,41.9,9.8,10,"Rain, Partially cloudy",25
7/3/22,407,86,69.2,0,0,20.8,14.8,114,29,9.9,9,Partially cloudy,27
7/4/22,284,85.1,73.2,0.01,8.33,20.8,13.7,92.9,42.3,9.8,10,"Rain, Partially cloudy",21
7/5/22,358,84.9,79.5,0.148,12.5,20.8,13.5,103.8,44.4,9.8,9,"Rain, Partially cloudy",26
7/6/22,389,85.5,74.8,0.007,8.33,20.1,15.8,136.2,43.4,9.9,8,"Rain, Partially cloudy",26
7/7/22,318,85.2,69.7,0.039,8.33,23,14.2,115.4,37.7,9.9,10,"Rain, Partially cloudy",25
7/8/22,379,85.9,73.6,0.055,16.67,24.2,16.1,119.2,34.2,9.9,9,"Rain, Partially cloudy",26
7/9/22,516,86.2,74.7,0,0,25.3,18.2,153.5,30.5,9.9,8,Partially cloudy,29
7/10/22,343,84.9,75.6,0.345,29.17,27.7,15.2,173.2,27.2,9.8,7,"Rain, Partially cloudy",25
7/11/22,301,84.4,76.1,0.049,4.17,25.3,16.9,166.4,27.5,9.9,9,"Rain, Partially cloudy",24
7/12/22,265,85.7,75,0,0,24.2,16.1,141.6,15.9,9.9,8,Clear,24
7/13/22,343,86.4,74.9,0,0,20.8,14.5,137.5,25.6,9.9,10,Partially cloudy,26
7/14/22,352,85.7,72,0,0,23,15.3,135.1,21.7,9.9,9,Partially cloudy,26
7/15/22,314,84.1,72.3,0.022,4.17,32,21,88.9,34.1,9.9,10,"Rain, Partially cloudy",24
7/16/22,435,83.6,76.7,0.292,16.67,29.8,14.5,117.1,48.9,9.7,10,"Rain, Partially cloudy",27
7/17/22,178,83.7,83.3,0.333,16.67,33.3,23,142,44.7,9.7,8,"Rain, Partially cloudy",16
7/18/22,257,86,79.3,0.362,16.67,23,17.1,150.3,34.9,9.6,10,"Rain, Partially cloudy",23
7/19/22,345,85.6,75.5,0,0,20.8,13,130.4,25.3,9.9,9,Partially cloudy,27
7/20/22,408,86,74.9,0,0,19.7,13.3,115.3,23.4,9.9,10,Partially cloudy,29
7/21/22,331,85.8,73.2,0.172,8.33,29.8,14.7,118.2,30.6,9.8,9,"Rain, Partially cloudy",28
7/22/22,282,84.9,79.1,0.305,25,35.6,15.1,122.3,45.2,9.7,10,"Rain, Partially cloudy",26
7/23/22,457,84.4,79.3,0.072,8.33,32.2,15.6,101.7,37.6,9.9,10,"Rain, Partially cloudy",25
7/24/22,512,85.6,74.1,0.02,12.5,32.2,15,99.5,29.7,9.9,9,"Rain, Partially cloudy",30
7/25/22,340,85.8,73,0,0,24.2,15.8,95.3,42,9.9,7,Partially cloudy,26
7/26/22,98,82.3,80.8,0.39,45.83,33.3,16.7,104.7,55.8,9.1,5,"Rain, Partially cloudy",13
7/27/22,421,84.4,75.5,0,0,35.6,14.4,120.5,36.7,9.9,9,Partially cloudy,28
7/28/22,419,85.7,70,0,0,21.9,13.7,95.6,28.1,9.9,9,Partially cloudy,27
7/29/22,574,86.2,67.6,0,0,24.5,16.1,98.3,29.2,9.9,9,Partially cloudy,31
7/30/22,668,86.5,65.9,0,0,23.7,15.8,103.2,31,9.9,9,Partially cloudy,34
7/31/22,607,86.3,69,0.079,12.5,26.4,16.4,100.3,42.2,9.9,8,"Rain, Partially cloudy",34
8/1/22,473,86.5,72.5,0.066,4.17,28.2,13.4,114.9,39.7,9.9,10,"Rain, Partially cloudy",29
8/2/22,362,85.7,70.3,0,0,27.5,17.3,107.3,30.8,9.9,9,Partially cloudy,26
8/3/22,489,84.3,67.4,0,0,33.3,13.7,101.2,23.9,9.9,10,Partially cloudy,28
8/4/22,432,86.3,67.5,0,0,23.3,15.3,109.5,28.6,9.9,9,Partially cloudy,28
8/5/22,537,85.9,70.2,0.074,4.17,33.3,17.2,99.1,38.4,9.9,9,"Rain, Partially cloudy",31
8/6/22,521,86.1,67.9,0.101,20.83,35.7,18.7,90.9,36.7,9.7,9,"Rain, Partially cloudy",31
8/7/22,402,84,73.8,0.311,29.17,39.1,17.4,93.8,39.9,9.7,8,"Rain, Partially cloudy",27
8/8/22,312,85.5,70.6,0,0,24.2,15.2,96.9,37.9,9.9,8,Partially cloudy,25
8/9/22,345,86.3,72.3,0.024,4.17,25.9,17.8,105.2,53.3,9.7,9,"Rain, Partially cloudy",26
8/10/22,591,86.6,68.3,0,0,24.2,17.1,112.8,29.1,9.9,10,Partially cloudy,33
8/11/22,535,85.8,68,0,0,21.1,12.7,100.2,34.2,9.9,9,Partially cloudy,31
8/12/22,530,84.9,70.2,0.157,4.17,34.4,12.9,108.3,31.8,9.9,9,"Rain, Partially cloudy",31
8/13/22,364,81.7,77.3,0.251,16.67,14.8,8.5,164.2,37.3,9.8,6,"Rain, Partially cloudy",26
8/14/22,359,80.8,78.6,0.93,8.33,20.8,14,235.5,40.8,9.7,9,"Rain, Partially cloudy",25
8/15/22,305,82.3,77.6,0.01,8.33,19.7,11.4,166,27.3,9.9,9,"Rain, Partially cloudy",24
8/16/22,280,82.9,77.7,0.216,12.5,36.7,14.2,214.7,32.8,9.8,10,"Rain, Partially cloudy",18
8/17/22,371,86,71.2,0.025,4.17,23,13.3,256.8,27.4,9.9,9,"Rain, Partially cloudy",26
8/18/22,368,86.1,70.3,0.06,4.17,23,14.2,232.4,30.9,9.9,10,"Rain, Partially cloudy",25
8/19/22,468,86.5,71.1,0,0,16.6,13.2,118.1,17.6,9.9,9,Clear,31
8/20/22,593,87.5,71.5,0,0,28.9,13.3,91.6,34.7,9.9,9,Partially cloudy,31
8/21/22,619,87.4,68.6,0,0,21.9,13.5,91.5,36.2,9.9,10,Partially cloudy,35
8/22/22,347,86.7,70.4,0.069,8.33,18.3,14.5,104.2,37.9,9.9,10,"Rain, Partially cloudy",25
8/23/22,325,86.3,71.2,0.246,8.33,15.7,12.8,97.8,35,9.8,8,"Rain, Partially cloudy",25
8/24/22,413,86.6,70.8,0,0,18.3,14.7,101.8,28.2,9.9,9,Partially cloudy,30
8/25/22,327,87.2,69.1,0,0,27.7,15,130.8,27.3,9.9,9,Partially cloudy,25
8/26/22,410,87,70,0,0,15.4,12.7,111.5,25.1,9.9,10,Partially cloudy,28
8/27/22,443,85.6,71.1,0,0,15.2,12.5,128.3,30.9,9.9,8,Partially cloudy,28
8/28/22,320,85.1,71.3,0,0,20.8,14,136.4,34,9.9,8,Partially cloudy,26
8/29/22,210,84.1,74.3,0.013,12.5,32,14.5,140.9,45.7,9.9,8,"Rain, Partially cloudy",19
8/30/22,312,87,68.3,0,0,25.3,14.7,141.9,33,9.9,9,Partially cloudy,23
8/31/22,259,86,70.9,0,0,18.3,11.7,127.6,36.6,9.9,7,Partially cloudy,22
9/1/22,304,84.8,72.1,0,0,23,11.5,138.1,26.6,9.9,9,Partially cloudy,21
9/2/22,491,85.5,69.7,0,0,20.8,15.7,96.2,20.9,9.9,10,Partially cloudy,28
9/3/22,497,86.1,69.6,0,0,19.7,12.5,76.5,24.9,9.9,9,Partially cloudy,29
9/4/22,507,87,66.5,0,0,19.5,12.7,80.6,20.8,9.9,10,Partially cloudy,30
9/5/22,473,87,70.6,0,0,18.3,10.8,98.3,26,9.9,9,Partially cloudy,28
9/6/22,332,86.9,70.6,0,0,18.3,11.7,101.9,28.3,9.9,9,Partially cloudy,36
9/7/22,405,86.1,70.4,0,0,13.6,12.2,115.4,27.9,9.9,8,Partially cloudy,28
9/8/22,242,83.6,75.9,0.145,20.83,35.6,14,191.6,33.7,9.7,8,"Rain, Partially cloudy",24
9/9/22,209,81.6,82.1,0.592,37.5,23.7,10.7,200.2,42,9.4,6,"Rain, Partially cloudy",22
9/10/22,498,86.1,73.7,0.053,4.17,21.9,14.3,142.9,27,9.9,8,"Rain, Partially cloudy",28
9/11/22,428,85.6,74.1,0,0,21.9,13.7,124.5,23.2,9.9,9,Partially cloudy,28
9/12/22,243,84.7,72.4,0,0,17.4,11.4,100.4,18.5,9.9,7,Clear,24
9/13/22,254,84.3,73,0.115,12.5,16.1,8.7,99.1,32.4,9.7,8,"Rain, Partially cloudy",23
9/14/22,98,80,84.5,0.364,25,14.5,14.2,5,47,9.6,6,"Rain, Partially cloudy",10
9/15/22,137,80.1,87.1,1.174,25,32.2,8.5,32,41.2,9.3,6,"Rain, Partially cloudy",16
9/16/22,293,80.2,85.7,0.548,20.83,17.2,11.7,58.8,40.9,9.8,6,"Rain, Partially cloudy",21
9/17/22,293,82.4,79.9,0.144,25,19.7,15,78.2,52,9.9,8,"Rain, Partially cloudy",25
9/18/22,173,79.6,87.7,1.487,41.67,38.3,17.9,72.5,40,9.4,5,"Rain, Partially cloudy",19
9/19/22,230,82.5,80.8,0,0,18.1,9.9,108.8,22,9.9,6,Partially cloudy,23
9/20/22,274,84.6,76,0.014,16.67,19.7,12.5,67.7,32.3,9.9,10,"Rain, Partially cloudy",24
9/21/22,234,83.7,77.4,0.148,12.5,20.8,10.9,9.3,38.9,9.9,7,"Rain, Partially cloudy",25
9/22/22,273,82.3,79.9,0.329,12.5,23,11,331.6,46.1,9.9,7,"Rain, Partially cloudy",21
9/23/22,429,83.9,72.5,0,0,14.1,10.1,35,5.9,9.9,9,Clear,28
9/24/22,239,81.7,82.6,0.501,33.33,17.9,10.8,9.2,54.7,9.4,7,"Rain, Partially cloudy",21
9/25/22,334,83.5,79.8,0,0,35,13.3,96.1,23.4,9.8,9,Partially cloudy,23
9/26/22,146,80.8,85.4,0.76,33.33,27.7,13.2,103.2,44.6,9.1,4,"Rain, Partially cloudy",16
9/29/22,290,80.9,75.2,0,0,35.7,22.3,243.1,65.5,9.8,6,Partially cloudy,24
9/30/22,607,75.4,75.1,0,0,18.1,10.5,330.1,14.5,9.9,8,Clear,34
10/1/22,618,79.8,73.4,0,0,11.9,11.9,21.2,68.7,9.9,5,Partially cloudy,30
10/2/22,422,79.3,75.1,0.436,33.33,19.7,10.9,352.6,93.4,9.2,5,"Rain, Overcast",28
10/3/22,435,79.6,66.7,0,0,15.2,10.8,344.7,40.6,9.9,9,Partially cloudy,29
10/4/22,423,78.9,69.4,0,0,19.1,12.9,2.1,30.8,9.9,8,Partially cloudy,30
10/5/22,460,79.1,70.9,0,0,18.9,11.8,32.8,52.8,9.9,7,Partially cloudy,30
10/6/22,448,79.9,66.5,0,0,21.9,12.9,44.3,18.8,9.9,7,Clear,28
10/7/22,582,79.4,65.1,0,0,20.8,12.9,35.8,21.8,9.9,9,Partially cloudy,31
10/8/22,418,79.1,79.7,0.023,16.67,24.2,16.1,37.2,78.1,9.9,4,"Rain, Partially cloudy",26
10/9/22,207,80,89.3,0.163,29.17,21.9,15.1,60.5,76,9.7,4,"Rain, Partially cloudy",22
10/10/22,391,82.1,82.2,0,0,14.3,8.8,91.8,23.2,9.9,8,Partially cloudy,26
10/11/22,319,83.8,79.8,0,0,17.4,11.6,81.1,44.6,9.9,8,Partially cloudy,26
10/12/22,367,83.5,78,0.005,4.17,15.9,12.8,94.5,33.8,9.9,7,"Rain, Partially cloudy",27
10/13/22,114,79.1,89.1,1.117,41.67,33.5,10.3,212.8,49.1,8.9,4,"Rain, Partially cloudy",10
10/14/22,345,79.2,85,0.024,4.17,13.4,10.5,44.9,36.1,9.9,6,"Rain, Partially cloudy",26
10/15/22,466,80.3,80,0.156,12.5,27.6,14.8,59.8,41,9.8,7,"Rain, Partially cloudy",28
10/16/22,515,81.9,69.8,0,0,23.7,13.7,71.8,38.3,9.9,8,Partially cloudy,30
10/17/22,206,81.4,74,0.158,12.5,23,15.2,135.7,68.7,9.7,5,"Rain, Partially cloudy",18
10/18/22,194,79.1,84.6,0,0,18.3,11.7,262,32.9,9.9,6,Partially cloudy,17
10/19/22,81,67,83.5,0.507,45.83,23,13.6,310.8,77.6,8.7,2,"Rain, Partially cloudy",10
10/20/22,242,70.2,81.4,0.037,12.5,20.1,11.8,333.6,83,9.9,6,"Rain, Partially cloudy",24
10/21/22,382,73.1,69,0.006,8.33,28.9,15.6,341.3,72.9,9.9,6,"Rain, Partially cloudy",26
10/22/22,617,75.3,67.8,0,0,23,15.9,7.3,26.1,9.9,7,Partially cloudy,32
10/23/22,563,75.9,73.8,0,0,20.8,12.9,18.5,26.4,9.9,8,Partially cloudy,31
10/24/22,428,78.4,69,0,0,20.8,12.7,54.6,25.6,9.9,8,Partially cloudy,30
10/25/22,394,78,63.9,0,0,20.8,12.9,41.1,12.9,9.9,8,Clear,28
10/26/22,484,75.6,69.3,0,0,11.2,7.1,38,12.2,9.9,7,Clear,29
10/27/22,441,77.7,71.2,0,0,12.1,11.7,82.7,17.1,9.9,7,Clear,30
10/28/22,584,79.4,68,0,0,21.3,12.8,58.9,16.2,9.9,8,Clear,31
10/29/22,633,80.8,70.7,0.014,4.17,24.6,16.4,57.6,34.7,9.8,7,"Rain, Partially cloudy",34
10/30/22,649,80.7,69.1,0,0,24.2,13.4,67.8,33.3,9.9,8,Partially cloudy,34
10/31/22,365,81,81,0.084,12.5,15.2,13.1,100,40,9.9,7,"Rain, Partially cloudy",25
11/1/22,379,82,82.5,0,0,17.7,11.7,107.3,28,9.9,8,Partially cloudy,25
11/2/22,433,81.9,81.2,0,0,18.3,14,76.3,32.5,9.9,6,Partially cloudy,29
11/3/22,360,80.7,75.4,0.019,4.17,23,11.5,55.5,33.3,9.9,6,"Rain, Partially cloudy",25
11/4/22,535,76.9,75.7,0.005,4.17,25.2,16.3,25.4,35.5,9.9,8,"Rain, Partially cloudy",30
11/5/22,492,78.6,74.2,0.002,4.17,22.8,13.9,72.4,45.5,9.9,6,"Rain, Partially cloudy",29
11/6/22,293,78.9,80.2,0.132,41.67,29.9,17.8,72,48.4,9.7,6,"Rain, Partially cloudy",21
11/7/22,266,79.4,68.5,0.16,20.83,28.9,19.7,41.2,53.5,9.8,5,"Rain, Partially cloudy",25
11/8/22,189,76.3,76.2,0.384,29.17,34.8,18.7,3.9,72.9,9.2,6,"Rain, Partially cloudy",18
11/10/22,265,76.9,82.5,0.121,12.5,33.5,23,212.2,62.4,9.7,6,"Rain, Partially cloudy",21
11/11/22,397,78.9,80.8,0.03,12.5,23.3,12,192.7,36.8,9.8,7,"Rain, Partially cloudy",25
11/12/22,456,77.2,84.2,0.022,8.33,15.7,11,155.2,41,9.2,6,"Rain, Partially cloudy",29
11/13/22,439,77.5,76.1,0,0,14.5,7.6,26.3,12.2,9.9,7,Clear,28
11/14/22,315,77.6,76.1,0.004,8.33,19.7,11.2,63.9,21.5,9.9,5,"Rain, Partially cloudy",26
11/15/22,308,79.3,75.5,0,0,20.8,11.3,114.2,18.9,9.9,7,Clear,26
11/16/22,391,77.5,83.5,0,0,10.7,9.8,128.9,28.5,9.7,7,Partially cloudy,27
11/17/22,306,74.2,78.2,0,0,25.9,14.8,349,82.1,9.7,5,Partially cloudy,25
11/18/22,395,72.4,71.5,0,0,25.9,13.7,14.9,83.2,9.9,6,Partially cloudy,27
11/19/22,520,75.6,70.4,0,0,24.2,18,37.1,72.4,9.9,4,Partially cloudy,31
11/20/22,29,74,86.9,0.366,58.33,32.4,19.2,40.9,99.8,7.4,1,"Rain, Overcast",10
11/21/22,126,75.8,85.9,0.11,33.33,28.7,17.9,64.7,92.4,9.6,3,"Rain, Overcast",15
11/22/22,235,76.5,89.1,0.027,20.83,16.1,8.9,73.4,61.7,9.8,4,"Rain, Partially cloudy",17
11/23/22,449,76.1,87.1,0,0,10.7,7.7,28.9,58.6,8.1,5,Partially cloudy,28
11/25/22,356,81,79.9,0.032,8.33,13.9,9.6,138.1,44.2,9.9,6,"Rain, Partially cloudy",26
11/26/22,506,79.4,81.4,0,0,16.3,12,108.8,13.1,9.9,5,Clear,30
11/27/22,503,81.3,75.6,0,0,21.9,12.8,207,26.8,9.9,6,Partially cloudy,30
11/28/22,331,77.3,80.7,0,0,20.8,12.5,352.6,33.4,9.5,6,Partially cloudy,27
11/29/22,408,77.4,70.8,0,0,21.9,14.2,61.3,23,9.9,7,Partially cloudy,29
11/30/22,302,80.2,77.5,0.016,8.33,17.7,14.4,106.7,43.7,9.9,6,"Rain, Partially cloudy",26
12/1/22,254,77.3,80.3,0.086,12.5,28.9,18.1,29.1,66.5,9.3,5,"Rain, Partially cloudy",24
1/2/23,632,75.9,80.2,0,0,20.8,14.5,78.5,32.9,9.9,6,Partially cloudy,33
1/3/23,411,77.9,77,0,0,24.2,15.3,123.7,40.1,9.9,5,Partially cloudy,27
1/4/23,493,78.9,76.5,0,0,23,14.8,150.3,23.6,9.9,5,Partially cloudy,29
1/5/23,442,77.3,77.3,0,0,15.4,10.9,178.1,18.6,9.9,7,Clear,29
1/6/23,558,70.1,62.4,0,0,22.8,13.3,354,11.6,9.9,6,Clear,30
1/7/23,682,68.8,60.5,0,0,19.4,12.4,25.3,25.7,9.9,7,Partially cloudy,33
1/8/23,604,72.6,66.7,0,0,20.4,13.1,82.3,47.2,9.9,5,Partially cloudy,33
1/9/23,457,70.5,75,0,0,19.9,14.8,319.7,9.8,9.9,7,Clear,31
1/10/23,409,68.6,66,0,0,19.1,10,292.5,4,9.9,7,Clear,28
1/11/23,470,64.7,69.8,0,0,13.9,10.8,5.4,3.9,9.9,7,Clear,29
1/12/23,414,69.2,71.3,0,0,18.8,11.7,149.7,17.1,9.9,7,Clear,27
1/13/23,368,67.3,71.5,0.044,8.33,33.1,19.4,256.8,22.6,9.9,5,Clear,26
1/14/23,616,53.2,56.6,0,0,30.6,18.3,303.7,4,9.9,7,Clear,33
1/15/23,501,52.1,56.5,0,0,20.8,9.5,318.2,1.8,9.9,7,Clear,30
1/16/23,528,58.1,59.5,0,0,11.2,8,28.2,1.9,9.9,7,Clear,30
1/17/23,395,64,68.4,0,0,21.9,12.2,156.5,17.9,9.9,7,Clear,26
1/18/23,401,68.7,73.4,0,0,23,13.5,134.9,36.3,9.9,7,Partially cloudy,29
1/19/23,391,75,63.3,0,0,20.1,13.2,160.5,17.5,9.9,7,Clear,28
1/20/23,475,73.9,73.5,0,0,13.6,9.3,186.4,37,9.9,5,Partially cloudy,29
1/21/23,652,74.3,73.8,0,0,14.8,10.9,138.7,24.3,9.9,5,Partially cloudy,31
1/22/23,573,77.7,70,0,0,29.8,16.2,165,23.5,9.9,5,Partially cloudy,30
1/23/23,406,75.1,78,0,0,21.9,16.6,266,37.2,9.9,6,Partially cloudy,29
1/24/23,395,73.8,71.9,0.042,4.17,24.8,14.2,75.7,86.1,9.9,5,"Rain, Partially cloudy",26
1/25/23,493,77.8,74.2,0,0,28.3,18.3,147.8,39.9,9.9,6,Partially cloudy,29
1/26/23,357,72.9,78.7,0.016,4.17,19,10.3,306.2,46.7,9.9,7,"Rain, Partially cloudy",26
1/27/23,402,66,70.3,0.005,4.17,24.4,11.8,343.2,91.5,9.8,2,"Rain, Overcast",29
1/28/23,596,72.8,72,0,0,26.4,18.2,65.3,94.6,9.9,5,Overcast,31
1/29/23,694,76.5,71.4,0.013,4.17,26.4,16.9,90.4,52.6,9.8,6,"Rain, Partially cloudy",33
1/30/23,443,77.7,74,0,0,19.7,12.9,119,31.9,9.9,6,Partially cloudy,26
1/31/23,449,77.6,70.1,0,0,20.8,12.5,129.5,29.9,9.9,7,Partially cloudy,29
2/1/23,461,75.9,76.3,0,0,15,11.1,128.5,16.2,9.9,5,Clear,29
2/2/23,428,75.6,77.9,0,0,18.6,13.8,145.8,26.9,9.9,7,Partially cloudy,29
2/3/23,520,75.2,74.3,0,0,25.5,12.8,287.1,23.3,9.5,7,Partially cloudy,30
2/4/23,368,71.3,76.2,0.067,25,32.3,22,46.9,94.7,9.7,4,"Rain, Overcast",29
2/5/23,231,73.2,84.2,1.388,54.17,32.2,19.3,89.4,78.4,8.1,5,"Rain, Partially cloudy",27
2/6/23,344,72.7,71,0,0,23.7,15.2,28.8,58.6,9.9,6,Partially cloudy,25
2/7/23,279,73.9,60.2,0,0,25.3,17.2,78.2,44.5,9.9,9,Partially cloudy,26
2/8/23,355,75.9,55.5,0,0,27.7,17.5,100.3,71.1,9.9,7,Partially cloudy,27
2/9/23,308,77.1,71.2,0,0,25.9,18.5,121.3,57.4,9.9,6,Partially cloudy,28
2/10/23,434,77.6,70.3,0,0,27.7,15.8,138.4,34.4,9.9,8,Partially cloudy,30
2/11/23,626,78,77.4,0,0,27.7,15.6,154.4,25.1,9.9,8,Partially cloudy,52
2/12/23,579,72.4,68,0.003,8.33,31.6,21,255.4,55.3,9.9,6,"Rain, Partially cloudy",51
2/13/23,395,64,57.4,0,0,28.1,17.3,306.6,13.1,9.8,8,Clear,28
2/14/23,334,66.8,64.9,0,0,20.8,13.2,100.7,27.5,9.9,7,Partially cloudy,29
2/15/23,398,75.6,60.8,0,0,26.4,19.2,120.5,47,9.9,7,Partially cloudy,29
2/16/23,387,77.2,66.6,0,0,27.7,17.9,124.7,34.3,9.9,7,Partially cloudy,27
2/17/23,368,76.8,81.4,0.089,16.67,23.3,13.6,164.5,74.2,9.8,4,"Rain, Partially cloudy",27
2/18/23,596,73.6,82.1,0,0,28.6,15.3,25.6,72.9,9.5,7,Partially cloudy,50
2/19/23,649,77.4,73.7,0,0,16.6,12.1,118.8,36.4,9.9,7,Partially cloudy,47
2/20/23,611,77,71.9,0,0,19.9,12.6,200.7,32.3,9.9,8,Partially cloudy,52
2/21/23,476,76.6,73.2,0,0,19,12.6,199.1,27.5,9.9,8,Partially cloudy,27
2/22/23,553,76.8,75,0,0,23.7,15.2,146.4,28.4,9.9,9,Partially cloudy,35
2/23/23,484,78.6,71.1,0,0,23.5,13.4,135.7,23.3,9.9,6,Partially cloudy,30
2/24/23,634,76.5,73.5,0,0,19.7,10.1,83.4,18.2,9.9,7,Clear,36
2/25/23,792,75.8,71.3,0,0,16.1,10.8,114.6,20.8,9.9,10,Partially cloudy,46
2/26/23,798,75.9,70,0,0,17.4,10.9,187.2,9.2,9.9,8,Clear,38
2/27/23,670,76,66.2,0,0,26.4,15.7,210.4,8.1,9.9,8,Clear,35
2/28/23,568,77.1,61.4,0,0,24.2,13.7,246.7,1.7,9.9,8,Clear,30
3/1/23,674,74.1,68.7,0,0,18.1,12.2,146.8,2.7,9.6,9,Clear,39
3/2/23,590,75.7,67.4,0,0,24.2,15.9,150.3,14.5,9.9,9,Clear,34
3/3/23,667,80.2,68.2,0,0,30.8,20.4,162.7,27.1,9.9,9,Partially cloudy,36
3/4/23,818,81.3,65.2,0,0,22.4,15.2,231.7,30.2,9.9,7,Partially cloudy,53
3/5/23,829,77.3,68.1,0,0,17.7,10.9,84.9,2.7,9.9,8,Clear,51
3/6/23,611,79.3,71.3,0,0,19.7,11.3,174.2,24.2,9.9,8,Partially cloudy,35
3/7/23,536,78.7,75.7,0,0,16.1,10.6,62.3,35.3,9.8,8,Partially cloudy,30
3/8/23,632,78.4,68.9,0,0,24.2,16.4,34.3,28.5,9.9,8,Partially cloudy,36
3/9/23,628,75.3,57.3,0,0,22.8,13.7,71.5,36,9.9,9,Partially cloudy,35
3/10/23,733,74.7,59.1,0,0,24.2,17.5,140.9,20.1,9.9,9,Partially cloudy,40
3/11/23,834,77.2,65.5,0,0,26.4,14.8,282,37.6,9.9,8,Partially cloudy,50
3/12/23,794,77.2,67.8,0,0,22.1,15.8,173.8,16.4,9.9,7,Clear,48
3/13/23,677,79.5,69.2,0,0,29.9,20.9,240.4,20.8,9.9,8,Partially cloudy,45
3/14/23,596,75,72.2,0,0,23,13.1,3.4,43.9,9.8,5,Partially cloudy,36
3/15/23,471,69.4,62.6,0,0,23.3,14.8,16.9,41.1,9.9,6,Partially cloudy,30
3/16/23,635,69.4,57.1,0,0,26.4,15.4,70.7,60.9,9.9,7,Partially cloudy,36
3/17/23,722,74.5,52.8,0,0,25.5,17,140.6,30.8,9.9,8,Partially cloudy,41
3/18/23,811,76.8,63.5,0,0,26.8,15.4,174.8,22.5,9.9,8,Partially cloudy,52
3/19/23,633,72.7,74.5,0,0,27.5,12.5,5.5,51.4,9.9,8,Partially cloudy,32
3/20/23,325,65.9,75.5,0.142,37.5,24.8,14.9,351.7,89.7,9.8,7,"Rain, Partially cloudy",26
3/21/23,417,69.6,64.4,0,0,21.9,14.7,49,46.9,9.9,8,Partially cloudy,30
3/22/23,451,75.4,60,0,0,26.2,17.4,88.4,52.4,9.9,7,Partially cloudy,28
3/23/23,395,76.4,61.7,0.005,4.17,23.3,15.8,82.3,46.7,9.9,10,"Rain, Partially cloudy",29
3/24/23,529,77.5,69,0,0,22.8,15.9,126.1,36.1,9.9,8,Partially cloudy,30
3/25/23,623,79.6,72.8,0,0,27.7,16.1,154.3,29.8,9.9,8,Partially cloudy,33
3/26/23,631,80,72.8,0,0,26.4,15.9,138.7,27.4,9.9,10,Partially cloudy,34
3/27/23,440,80.2,72.4,0.008,8.33,25.2,16.7,148.6,35,9.9,8,"Rain, Partially cloudy",29
3/28/23,262,78.2,80.3,0.753,16.67,35.6,15.6,171.9,73.2,9.4,9,"Rain, Partially cloudy",25
3/29/23,295,75.6,84.8,0.261,29.17,16.3,11.1,15.4,49.1,9.2,9,"Rain, Partially cloudy",26
3/30/23,206,74.9,78.4,0.186,29.17,26.8,16.2,54.5,76.2,9.7,8,"Rain, Partially cloudy",24
3/31/23,438,77.7,59.7,0,0,26.4,21,99.4,40.6,9.9,8,Partially cloudy,29
4/1/23,492,80.2,70.7,0.013,8.33,25.3,16.6,146.1,48.6,9.9,8,"Rain, Partially cloudy",30
4/2/23,472,78.9,76.9,0,0,17,11.3,206,32.6,9.8,10,Partially cloudy,29
4/3/23,346,80.5,70.7,0,0,21.5,15.1,145.1,20.8,9.9,9,Partially cloudy,37
4/4/23,354,80.9,70.2,0,0,21.3,13.1,118.9,19.8,9.9,10,Clear,28
4/5/23,432,80.8,65.8,0,0,26.4,17.6,102.2,30.7,9.9,9,Partially cloudy,30
4/6/23,360,80.6,65.6,0,0,26.6,17.2,99.1,20.9,9.9,8,Partially cloudy,27
4/7/23,449,79.9,63.4,0,0,23.5,15.2,95.8,23.5,9.9,10,Partially cloudy,30
4/8/23,663,80.4,65.8,0,0,23,14.6,120.4,27.9,9.9,10,Partially cloudy,34
4/9/23,265,76.9,75.7,0.162,25,29.8,17,327.6,57.3,9.7,10,"Rain, Partially cloudy",25
4/10/23,58,72.4,86.7,0.501,45.83,33,19.8,39.8,90.9,8,3,"Rain, Overcast",10
4/11/23,133,75.2,70.9,0.05,16.67,35.7,23,64,96.2,9.8,10,"Rain, Overcast",16
4/12/23,23,72.6,87.4,1.15,54.17,36.5,23.1,71.4,99.2,6.3,1,"Rain, Overcast",10
4/13/23,103,76,86.6,0.291,45.83,28.9,16.5,145.7,60.4,9.2,8,"Rain, Partially cloudy",18
4/14/23,232,77.5,82.6,0,0,18.6,13.7,158.5,37.5,9.2,9,Partially cloudy,24
4/15/23,447,80.5,80,0,0,23,14.1,134.5,23.1,9.9,10,Partially cloudy,30
4/16/23,362,79.6,80.9,0.067,8.33,23,17.3,136.3,35.1,9.7,9,"Rain, Partially cloudy",29
4/17/23,97,74.3,85.5,0.33,37.5,33.3,10.5,318.1,54.4,9.1,7,"Rain, Partially cloudy",16
4/18/23,244,73.5,64.2,0,0,23.7,16.3,11.6,27.4,9.9,10,Partially cloudy,17
4/19/23,320,75,59.3,0,0,23,14.1,47.6,43.2,9.9,7,Partially cloudy,26
4/20/23,275,78.1,64.3,0,0,23.3,14.9,67.8,40.5,9.9,8,Partially cloudy,27
4/21/23,489,78.6,69,0,0,21,13.9,88,34.7,9.9,10,Partially cloudy,28
4/22/23,594,79.3,66.9,0,0,13.6,12.3,156.2,54.4,9.9,9,Partially cloudy,30
4/23/23,573,78.7,74.9,0,0,20.8,13.5,76.9,24.7,9.9,7,Partially cloudy,31
4/24/23,258,78.4,74.8,0.102,4.17,21.9,15.6,125.2,55.1,9.9,6,"Rain, Partially cloudy",25
4/25/23,349,77.3,76.6,0.545,20.83,37.9,15.8,132.2,54.1,9.3,8,"Rain, Partially cloudy",24
4/26/23,324,77.3,78.7,0,0,28.8,20.8,133.6,40.8,9.9,9,Partially cloudy,24
4/27/23,323,79.8,74.9,0,0,26.4,17.3,148.8,24.1,9.9,9,Partially cloudy,22
4/28/23,309,80.5,74,0.025,8.33,27.9,15.1,161.8,33.2,9.9,9,"Rain, Partially cloudy",22
4/29/23,426,83.2,75.2,0,0,27.7,17.3,168.6,35.9,9.9,10,Partially cloudy,29
4/30/23,215,80.2,69.5,0.04,12.5,39.1,22.5,242.1,26.3,9.7,8,"Rain, Partially cloudy",26
5/1/23,410,76,62.8,0,0,21.4,14.1,261.4,2.2,9.9,10,Clear,28
5/2/23,381,78.3,63.7,0,0,24.2,15,247.3,6,9.9,10,Clear,26
5/3/23,423,78.5,65.9,0,0,21.9,12.8,260.1,24.7,9.9,10,Partially cloudy,28
5/4/23,432,76.9,53.5,0,0,17.7,10.8,2.3,4.6,9.9,10,Clear,29
5/5/23,499,78.4,67,0,0,24.2,13.9,81.1,17.3,9.9,10,Clear,30
5/6/23,590,79.6,67.9,0.001,4.17,25.3,17.2,64,38.2,9.9,8,"Rain, Partially cloudy",32
5/7/23,436,78.8,66.3,0.006,8.33,27.7,19,74.7,54.7,9.9,5,"Rain, Partially cloudy",30
5/8/23,474,77.7,62.4,0,0,23,15.5,82.9,27.1,9.9,10,Partially cloudy,31
5/9/23,363,79.6,67.5,0,0,19.7,12.2,91.6,22,9.9,10,Partially cloudy,26
5/10/23,463,81.1,68.2,0,0,27.7,11.3,90.1,14.6,9.9,10,Clear,29
5/11/23,392,81.3,66.7,0,0,23.3,13.8,88.9,27.8,9.9,10,Partially cloudy,26
5/12/23,512,81.5,67.5,0,0,27.4,17.7,91.2,34.6,9.9,10,Partially cloudy,31
5/13/23,621,80.8,61.7,0,0,25.5,15.4,86.8,33.7,9.9,9,Partially cloudy,34
5/14/23,439,80.6,68,0,0,25.4,15.9,70.7,47.1,9.9,9,Partially cloudy,32
5/15/23,318,80.8,72.8,0,0,28.1,15.9,65.9,42.1,9.9,7,Partially cloudy,29
5/16/23,340,80.1,65.8,0,0,21.5,11.7,89.3,11,9.9,10,Clear,26
5/17/23,270,81,73.5,0.1,12.5,31.8,15.7,219.9,34,9.7,8,"Rain, Partially cloudy",24
5/18/23,302,80.1,73.5,0,0,23,15,146.2,11.6,9.9,9,Clear,26
5/19/23,335,81.6,75.8,0,0,25.3,14.7,103,23.8,9.9,7,Partially cloudy,25
5/20/23,489,82.2,74.6,0,0,20.6,13.2,89.1,25,9.9,10,Partially cloudy,30
5/21/23,377,82.3,72.3,0,0,18.3,11.9,80.2,34,9.9,7,Partially cloudy,29
5/22/23,267,82.3,72.7,0.018,8.33,21.9,14.2,76.9,43.3,9.8,10,"Rain, Partially cloudy",26
5/23/23,104,79.5,83.7,0.332,33.33,15.2,12,113.7,67.8,9.6,10,"Rain, Partially cloudy",19
5/24/23,215,77.4,83.7,0.313,20.83,32.8,15,46.5,32,9.7,10,"Rain, Partially cloudy",26
5/25/23,143,75.6,86,0.143,25,18.3,9.6,11.6,39.9,9.6,7,"Rain, Partially cloudy",24
5/26/23,195,76.9,84.9,0.078,29.17,18.6,9.1,39,47.6,9.7,7,"Rain, Partially cloudy",23
5/27/23,464,78.1,79.5,0,0,20.8,11.7,37.4,34.3,9.9,10,Partially cloudy,30
5/28/23,426,82.4,71.3,0.018,8.33,18.3,14.3,166.2,41.6,9.9,9,"Rain, Partially cloudy",29
5/29/23,404,80.3,71.6,0,0,15.2,12.9,319.4,28.6,9.9,8,Partially cloudy,27
5/30/23,291,81,74.1,0.306,16.67,21.9,13.7,75.5,61,9.6,9,"Rain, Partially cloudy",24
5/31/23,172,78.7,84.6,0.118,16.67,31.1,11.4,84.7,51.6,9.3,6,"Rain, Partially cloudy",19
6/1/23,206,79.7,81,0.124,8.33,17.2,12.3,60.5,32.4,9.9,9,"Rain, Partially cloudy",19
6/2/23,192,78.3,82.3,0.068,12.5,14.1,12.8,33.5,30.2,9.7,9,"Rain, Partially cloudy",20
6/3/23,319,79,81.8,0.172,16.67,44.4,10,49.3,30.5,9.6,8,"Rain, Partially cloudy",24
6/4/23,436,79.5,79.1,0.284,25,29.8,16.1,69.6,41.2,9.7,8,"Rain, Partially cloudy",29
6/5/23,278,79.8,78.6,0.096,12.5,24,18.7,30.8,41.5,9.8,8,"Rain, Partially cloudy",23
6/7/23,312,80.9,77,0.254,25,22.8,12.4,203.8,42.1,9.8,6,"Rain, Partially cloudy",24
6/8/23,240,79.8,80.8,0.418,20.83,33.1,10.9,194.5,30,9.7,6,"Rain, Partially cloudy",21
6/9/23,242,80.4,79.7,0.838,25,40.3,13.5,217.7,30.5,9.6,8,"Rain, Partially cloudy",21
6/10/23,445,81.4,76.3,0.006,8.33,16.6,14.4,176.6,22.3,9.9,10,"Rain, Partially cloudy",30
6/11/23,382,82.2,78.2,0.174,8.33,21.9,15.3,151.1,23.9,9.8,10,"Rain, Partially cloudy",26
6/12/23,232,82.1,78.7,0.298,16.67,31,11.1,199.6,34,9.5,7,"Rain, Partially cloudy",28
6/13/23,209,81,82.8,1.035,20.83,29.8,15.5,209,32.1,9.5,8,"Rain, Partially cloudy",22
6/14/23,214,82.8,81.4,0.009,4.17,24.2,15.7,160.6,29.2,9.9,8,"Rain, Partially cloudy",21
6/15/23,283,85.1,79,0,0,24.2,14.8,153.6,15.3,9.9,9,Clear,21
6/16/23,333,86.7,68.2,0.017,4.17,32.2,21.8,234.7,30.9,9.9,8,"Rain, Partially cloudy",26
6/17/23,241,82.6,75.2,0.551,29.17,32.2,14.3,223.8,39.5,9.5,7,"Rain, Partially cloudy",23
6/18/23,240,81.8,76.8,0.172,20.83,39,22.7,243,31.5,9.7,9,"Rain, Partially cloudy",22
6/19/23,237,81.5,80.6,0.291,29.17,31.1,16.1,231.2,35.9,9.7,9,"Rain, Partially cloudy",23
6/20/23,177,79.7,80.5,0.578,25,37.8,18,150,38.8,9.6,9,"Rain, Partially cloudy",21
6/21/23,168,80.9,80.3,0.118,12.5,21.5,14.7,145.8,31,9.8,8,"Rain, Partially cloudy",16
6/22/23,230,83.4,78,0.015,4.17,19.2,11.7,136.3,34.8,9.9,5,"Rain, Partially cloudy",21
6/23/23,202,85,81.2,0,0,19.7,13.5,128.8,27.8,9.9,7,Partially cloudy,21
6/24/23,333,83,84.2,0.469,12.5,30.1,13.4,139.3,43.9,9.8,10,"Rain, Partially cloudy",25
6/25/23,310,80.4,86.2,0.77,20.83,13.2,10.9,118.9,36.2,9.5,7,"Rain, Partially cloudy",27
6/26/23,220,82.2,82.8,0.373,20.83,18.1,11.1,112.5,23.2,9.8,5,"Rain, Partially cloudy",21
6/27/23,310,85,75.1,0,0,17,13.6,133.6,18.8,9.9,9,Clear,26
6/28/23,353,85.5,72.8,0.194,4.17,21.9,13,253.5,27.2,9.7,10,"Rain, Partially cloudy",26
6/29/23,217,82.8,79.5,0.634,29.17,17.7,11.3,199.2,49,9.9,7,"Rain, Partially cloudy",21
6/30/23,247,83.6,76,0.083,8.33,12.8,9.5,63.1,35.3,9.8,6,"Rain, Partially cloudy",25
7/1/23,256,82.6,81.6,0.176,20.83,24.2,12,58.9,45.6,9.8,5,"Rain, Partially cloudy",23
7/2/23,249,83.7,80.3,0.01,8.33,17.2,13.2,82.3,35.9,9.9,10,"Rain, Partially cloudy",23
7/3/23,270,84.8,78.5,0.062,12.5,15.4,12.6,110.5,33.3,9.9,9,"Rain, Partially cloudy",24
7/4/23,225,85.8,78,0,0,16.1,13.5,86.4,24.2,9.9,10,Partially cloudy,24
7/5/23,360,86.5,75.5,0,0,17.2,11.9,110.7,25,9.9,10,Partially cloudy,26
7/6/23,317,86,74.8,0.083,12.5,22.2,11.8,158.4,38.2,9.8,10,"Rain, Partially cloudy",26
7/7/23,269,82.9,81,1.124,33.33,29,18.9,219.1,33.3,9.6,10,"Rain, Partially cloudy",24
7/8/23,280,82.1,83.3,1.007,29.17,33.3,16.4,223.4,37.2,9.3,10,"Rain, Partially cloudy",24
7/9/23,365,84.2,80.1,0.585,8.33,15.9,13.7,190.3,29.3,9.9,10,"Rain, Partially cloudy",27
7/10/23,295,85.4,75.1,0.416,8.33,35,14.1,192.1,35.7,9.7,10,"Rain, Partially cloudy",26
7/11/23,283,87,70.4,0,0,14.1,11.8,146.6,16.9,9.9,10,Clear,25
7/12/23,334,87.9,70.5,0,0,10.5,10.4,105.9,21.4,9.9,10,Partially cloudy,27
7/13/23,308,87.1,73.9,0.102,8.33,16.6,13.5,120.3,26.8,9.9,9,"Rain, Partially cloudy",26
7/14/23,321,85.2,72,0.258,16.67,21.8,10.9,231.5,26.4,9.8,10,"Rain, Partially cloudy",26
7/15/23,445,85.8,70,0.09,20.83,19.7,12.3,186.4,31,9.8,10,"Rain, Partially cloudy",29
7/16/23,418,84.9,75,1.25,16.67,44.3,13.1,167.8,29.7,9.7,8,"Rain, Partially cloudy",29
7/17/23,173,81.7,84.3,0.909,29.17,42.5,11,174.6,46.2,9.6,8,"Rain, Partially cloudy",19
7/18/23,190,84.2,80.9,0.116,20.83,30.9,12.6,90.7,33.6,9.7,9,"Rain, Partially cloudy",23
7/19/23,285,86,77,0.043,8.33,20.4,15.2,121,29.4,9.9,10,"Rain, Partially cloudy",24
7/20/23,256,87.1,75.1,0.104,8.33,20.3,14.2,113.1,28.9,9.9,9,"Rain, Partially cloudy",25
7/21/23,398,85.8,75.7,0.182,4.17,25.3,13,182.8,28.8,9.9,7,"Rain, Partially cloudy",27
7/22/23,487,84.4,77.9,0.248,8.33,29.8,16.8,239.5,33.9,9.7,10,"Rain, Partially cloudy",29
7/23/23,520,86.2,74.2,0.165,12.5,29.7,13.5,157.8,22.6,9.7,9,"Rain, Partially cloudy",30
7/24/23,411,86.5,72.5,0.023,8.33,34.4,13.3,143.7,14.8,9.8,10,Rain,30
7/25/23,364,86.4,71.2,0,0,19.7,12.5,74.8,16,9.9,9,Clear,27
7/26/23,269,84.4,76,0.041,20.83,38.8,18.9,61.1,35.2,9.8,5,"Rain, Partially cloudy",26
7/27/23,223,81,84.4,2.248,54.17,27.7,15,83.3,61.9,8.8,6,"Rain, Partially cloudy",24
7/28/23,216,84,81.5,0.063,12.5,24.8,15.7,112.4,47.2,9.9,5,"Rain, Partially cloudy",22
7/29/23,507,85.8,76.7,0.082,8.33,18.3,11.2,118.9,32.4,9.9,10,"Rain, Partially cloudy",30
7/30/23,509,86.7,74.7,0,0,13.9,14.1,140.1,16.2,9.9,10,Clear,30
7/31/23,233,86.1,73.9,0,0,16.6,15,175.3,26.3,9.9,8,Partially cloudy,22
8/1/23,158,83,80.8,0.032,8.33,29.8,11.7,246.9,23.1,9.9,10,"Rain, Partially cloudy",20
8/2/23,333,83.8,77.1,0.327,12.5,29.8,14.1,87.5,19.3,9.7,10,Rain,26
8/3/23,159,83.6,80.1,0.744,16.67,20.8,11.5,81.2,47.9,9.7,9,"Rain, Partially cloudy",14
8/4/23,256,83.8,81,0.129,20.83,25.3,10.6,139.6,31.3,9.8,10,"Rain, Partially cloudy",23
8/5/23,405,85.5,78.7,0.109,8.33,15.2,11,164.7,22.9,9.9,10,"Rain, Partially cloudy",29
8/6/23,361,87,74.9,0.353,20.83,15.2,12.5,173.8,30.3,9.8,10,"Rain, Partially cloudy",27
8/7/23,231,87.5,75.9,0,0,14.5,13.2,140.5,21,9.9,8,Partially cloudy,25
8/8/23,163,86.9,75.8,0.009,8.33,20.8,13.6,159.2,27.7,9.9,10,"Rain, Partially cloudy",21
8/9/23,307,86.2,78.7,0.277,16.67,30.5,13.8,161.9,26.5,9.6,10,"Rain, Partially cloudy",26
8/10/23,265,85.4,79.9,0.335,25,31.1,13.5,156.6,36.1,9.7,10,"Rain, Partially cloudy",25
8/11/23,350,86.7,74.8,0,0,13.2,12.8,122.4,14.9,9.9,10,Clear,27
8/12/23,564,88,70.8,0,0,21.5,15.6,115.3,23.7,9.9,10,Partially cloudy,31
8/13/23,393,84.5,78.5,0.193,33.33,30.2,14.7,162.8,43.4,9.9,9,"Rain, Partially cloudy",27
8/14/23,303,86.6,78,0.009,4.17,19.7,14.2,119.1,18.4,9.9,10,Rain,28
8/15/23,320,86.5,75.6,0,0,34.4,19.2,92.8,34.1,9.9,8,Partially cloudy,27
8/16/23,216,84.4,75.9,0.297,12.5,26.4,16.2,169,49.8,9.8,10,"Rain, Partially cloudy",26
8/17/23,170,82.7,79.2,0.05,20.83,36.1,16.3,202,44.6,9.7,8,"Rain, Partially cloudy",21
8/18/23,255,83.1,78.7,0.012,16.67,25.3,13.5,77.7,37.8,9.9,7,"Rain, Partially cloudy",23
8/19/23,393,83,81.5,0.241,33.33,26.4,18.9,80.6,51.1,9.6,8,"Rain, Partially cloudy",27
8/20/23,226,84.2,77.7,0.315,33.33,30.5,17.7,101.1,63.4,9.3,9,"Rain, Partially cloudy",24
8/21/23,235,86.3,73.1,0.031,16.67,34.4,19.1,77.8,47,9.9,6,"Rain, Partially cloudy",23
8/22/23,314,86.6,68.9,0.11,4.17,28,15.8,60.9,32.2,9.9,9,"Rain, Partially cloudy",26
8/23/23,328,85.8,72.9,0.229,20.83,24.2,15.5,56.8,43.8,9.9,10,"Rain, Partially cloudy",26
8/24/23,214,84.8,71.4,0.336,16.67,20.4,12.8,58.9,36.3,9.6,5,"Rain, Partially cloudy",21
8/25/23,416,84.5,72.9,0.012,8.33,22.8,16.2,33.2,36.5,9.9,10,"Rain, Partially cloudy",28
8/26/23,517,84.8,71.2,0,0,21.7,15.9,29.5,23.1,9.9,9,Partially cloudy,30
8/27/23,408,84.4,79.9,0.088,25,26.4,15.9,112.6,36.9,9.8,10,"Rain, Partially cloudy",30
8/28/23,162,83.9,78,0.077,25,20.8,11.4,169.3,45.6,9.8,9,"Rain, Partially cloudy",10
8/29/23,168,85.9,77.3,0.156,16.67,40,21,155.6,36.9,9.8,10,"Rain, Partially cloudy",14
8/30/23,189,87.6,71.9,0.07,12.5,36.7,21.1,208.3,30.5,9.7,8,"Rain, Partially cloudy",16
8/31/23,149,85.5,79.1,0.302,16.67,23,13.7,229.3,41.4,9.7,9,"Rain, Partially cloudy",18
9/1/23,291,84.8,82.4,0,0,18.6,10.9,57.7,35.4,9.9,10,Partially cloudy,23
9/2/23,266,81.3,79.8,1.064,29.17,39.7,14.5,42.3,65,9.2,10,"Rain, Partially cloudy",23
9/3/23,411,84.5,60.4,0,0,23.6,15.7,59.5,39.7,9.9,10,Partially cloudy,29
9/4/23,435,84.9,63.2,0,0,25.3,15.5,85.9,44.2,9.9,10,Partially cloudy,29
9/5/23,348,85.1,63.6,0,0,21.9,13.5,92.9,28.1,9.9,10,Partially cloudy,27
9/6/23,416,83.7,62.6,0,0,13.2,10.5,84.6,12,9.9,9,Clear,29
9/7/23,327,84.2,67.4,0,0,20.8,13.4,109.5,13.6,9.9,10,Clear,20
9/8/23,450,83.7,67.6,0,0,19.7,12.8,102.3,16.4,9.9,9,Clear,29
9/9/23,328,82.5,77.9,0.664,29.17,39.1,13.1,83.7,39.5,9.7,9,"Rain, Partially cloudy",28
9/10/23,381,83.6,78.8,0.021,12.5,13,10.1,120.7,26.1,9.9,10,"Rain, Partially cloudy",27
9/11/23,283,84.6,75.7,0.102,8.33,14.5,11.5,89.5,20.3,9.8,9,"Rain, Partially cloudy",24
9/12/23,256,85.8,73.4,0,0,17.4,11.4,60.1,22.9,9.9,9,Partially cloudy,25
9/13/23,347,85.6,73.7,0,0,20.8,12.7,37.6,25.8,9.9,10,Partially cloudy,26
9/14/23,340,85.6,73.6,0,0,15.2,11.7,63.2,35.7,9.9,10,Partially cloudy,26
9/15/23,270,83.5,78.4,0.382,25,12.3,12.9,112.4,43.5,9.7,10,"Rain, Partially cloudy",25
9/16/23,321,83.1,82.2,0.236,20.83,21.9,11.5,132.5,41.1,9.8,10,"Rain, Partially cloudy",26
9/17/23,305,83.2,79.1,0.027,8.33,20.8,12.9,198.9,45.7,9.8,9,"Rain, Partially cloudy",26
9/18/23,105,83.4,79.7,1.429,16.67,26.4,11.9,88.6,33.1,9.5,9,"Rain, Partially cloudy",14
9/19/23,153,81.4,84.6,2.521,33.33,35.8,20.2,49.3,47.4,9.3,10,"Rain, Partially cloudy",15
9/20/23,120,80.7,80.9,0.009,12.5,18.3,10.8,32.4,31.8,9.9,10,"Rain, Partially cloudy",16
9/21/23,184,79.6,81.9,0.975,33.33,29.9,15,36.1,39.1,9.1,8,"Rain, Partially cloudy",18
9/22/23,298,80.3,79.8,0.173,16.67,29.8,12.9,26.4,23,9.7,10,"Rain, Partially cloudy",21
9/23/23,318,79,80.5,0.163,20.83,20.1,10.6,61,50.1,9.6,5,"Rain, Partially cloudy",23
9/24/23,268,81.8,79.1,0.212,25,16.8,12,88.4,48.7,9.7,10,"Rain, Partially cloudy",25
9/25/23,169,80.7,84,0.655,25,36.6,15.5,94.9,54.7,9.6,10,"Rain, Partially cloudy",16
9/26/23,138,83.5,80.2,0.711,12.5,27.7,12.7,111.5,44.3,9.7,8,"Rain, Partially cloudy",21
9/27/23,102,80.7,86.1,0.424,41.67,14.5,10.9,127.5,71.9,9.2,4,"Rain, Partially cloudy",10
9/28/23,175,81.9,81.9,0,0,22.9,15.8,186.1,39.6,9.9,5,Partially cloudy,16
9/29/23,191,81.8,84.7,0.576,33.33,13.4,8.4,353.7,53.3,9.5,10,"Rain, Partially cloudy",17
9/30/23,353,82.8,84.2,0.107,16.67,12.3,11.3,60.2,46.5,9.8,8,"Rain, Partially cloudy",26
10/1/23,285,81.5,84.6,0.831,37.5,26.4,12.3,76.7,45.4,9.5,10,"Rain, Partially cloudy",27
10/2/23,116,80.6,79.7,0.346,45.83,28.9,18.1,49,71.9,8.9,6,"Rain, Partially cloudy",21
10/3/23,250,82.8,66.7,0.002,8.33,25.9,16.1,55.5,45.5,7.7,8,"Rain, Partially cloudy",23
10/4/23,433,82.6,70.1,0,0,23.7,14.2,53.2,28.2,9.9,9,Partially cloudy,28
10/5/23,373,83.6,72.6,0,0,18.3,11.9,70.7,30.7,9.9,6,Partially cloudy,27
10/6/23,519,82.5,75.9,0,0,10.3,9,57.7,36.9,9.9,7,Partially cloudy,31
10/7/23,563,82.8,77.1,0.042,8.33,10.7,10,140.6,44.5,9.9,9,"Rain, Partially cloudy",33
10/8/23,349,81.5,79,0,0,15.2,9.5,292.1,45.9,9.9,9,Partially cloudy,28
10/9/23,218,79.6,76.7,0,0,15,9.4,331.7,80.7,9.9,4,Partially cloudy,24
10/10/23,242,82,77.9,0,0,13.6,8.1,346.1,43.3,9.9,9,Partially cloudy,26
10/11/23,203,82.8,83.1,0.14,20.83,22.6,10.3,123.5,50.3,9.5,9,"Rain, Partially cloudy",24
10/12/23,265,87.2,72.1,0,0,31.6,19.5,209.2,27.5,9.9,8,Partially cloudy,23
10/13/23,315,85.7,79.6,0.066,4.17,23,14.8,233.7,38.7,9.8,7,"Rain, Partially cloudy",27
10/14/23,360,83.6,85.1,0,0,21,11.9,257.8,48.6,9.9,6,Partially cloudy,28
10/15/23,493,81.2,69.3,0,0,24.2,14.4,279.8,16.6,9.9,8,Clear,29
10/16/23,362,72.9,63.3,0,0,24.4,15.3,311.2,41.7,9.9,10,Partially cloudy,27
10/17/23,380,68.3,56,0,0,22.1,13.3,319.2,10.8,9.9,8,Clear,27
10/18/23,429,72.3,62.7,0,0,18.8,11.5,4.5,12.3,9.9,9,Clear,29
10/19/23,385,76.8,64.4,0,0,21.9,13.5,48.1,21.7,9.9,9,Partially cloudy,28
10/20/23,422,77.6,69.3,0,0,13.6,8.9,40.1,59.2,9.9,10,Partially cloudy,29
10/21/23,599,77.5,68.2,0,0,15.4,10.6,273.1,7,9.9,8,Clear,31
10/22/23,549,77.4,69.8,0,0,12.3,7.5,305.8,17.4,9.9,8,Clear,31
10/23/23,405,76.7,64.8,0,0,19.9,12.5,54.9,19.2,9.9,8,Clear,30
10/24/23,369,80.3,63.6,0,0,29.4,17.8,64,70.7,9.9,10,Partially cloudy,28
10/25/23,531,80.4,58.3,0,0,29.9,21.6,66.7,57.5,9.9,10,Partially cloudy,33
10/26/23,464,80.8,60,0,0,30.6,19.4,67.9,63.2,9.9,8,Partially cloudy,30
10/27/23,640,80.8,61.6,0,0,28.9,18.6,64.4,53.8,9.9,7,Partially cloudy,34
10/28/23,773,80.7,63.9,0,0,29.6,18.9,65.2,54.7,9.9,9,Partially cloudy,50
10/29/23,777,80.4,68.3,0,0,24.5,17.1,65.8,74.3,9.9,6,Partially cloudy,42
10/30/23,643,81.5,71.4,0,0,18.3,12.3,61.9,37.3,9.9,8,Partially cloudy,35
10/31/23,593,81.1,73.5,0,0,17.7,10.4,328.5,28,9.9,8,Partially cloudy,36
11/1/23,630,76.6,74.7,0,0,29.5,16.1,346.4,36.2,9.9,8,Partially cloudy,37
11/2/23,423,76.2,68.2,0.161,29.17,32.8,21,41.7,81.9,9.8,8,"Rain, Partially cloudy",30
11/3/23,584,77.7,63.3,0,0,29.2,20.2,58.9,67.8,9.9,10,Partially cloudy,33
11/4/23,535,75.7,81.2,0.052,33.33,25.3,14.1,6.5,77.8,9.3,9,"Rain, Partially cloudy",32
11/5/23,616,75.1,77.9,0,0,27.1,16,352.1,43.9,9.8,8,Partially cloudy,34
11/6/23,442,74.5,66.8,0,0,19,12.4,357.6,15.5,9.9,8,Clear,30
11/7/23,368,77.1,73.9,0,0,20.8,12.8,50.4,24.1,9.9,9,Partially cloudy,27
11/8/23,451,78.4,70.8,0,0,21.9,13.9,66.1,40.5,9.9,8,Partially cloudy,29
11/9/23,52,77.2,80.5,0.236,37.5,22.4,12.2,78.8,71.5,8.6,3,"Rain, Partially cloudy",10
11/10/23,436,81.2,79.6,0,0,18.6,14,122.6,35.8,9.9,7,Partially cloudy,29
11/11/23,540,81.8,74.2,0,0,18.3,11.4,114.8,37.6,9.9,8,Partially cloudy,31
11/12/23,414,80.6,72.4,0,0,17.2,10.2,91.5,25.7,9.9,8,Partially cloudy,30
11/13/23,140,77.7,85.3,0.124,29.17,19.2,12.6,45.6,77.2,9.4,9,"Rain, Partially cloudy",10
11/14/23,59,77.3,86.4,3.606,45.83,34.1,23.6,74.4,77.3,8.1,4,"Rain, Partially cloudy",10
11/16/23,272,74.8,85.9,0.632,33.33,47.8,33.7,69.7,90.5,8.4,7,"Rain, Overcast",22
11/17/23,632,76,84.6,0,0,19,10,253.4,48.5,9.3,7,Partially cloudy,34
11/18/23,531,73.1,85.3,0,0,23.5,12.8,303.2,57,9.9,5,Partially cloudy,33
11/19/23,594,73.2,80.1,0,0,20.8,12.7,346.8,18.2,9.9,8,Clear,32
11/20/23,356,75.8,78.1,0.107,8.33,19.7,14,96.5,41.1,9.8,8,"Rain, Partially cloudy",26
11/21/23,422,78.2,65.6,0,0,26.2,15.7,109,41.9,9.9,9,Partially cloudy,29
11/22/23,594,78.4,71.5,0,0,19.7,12.8,170.2,39.6,9.9,8,Partially cloudy,33
11/24/23,199,74.2,86.4,0,0,13.6,10,9.4,73.7,9.6,7,Partially cloudy,25
11/25/23,298,76.1,84.5,0.009,4.17,15,9.6,56.2,64.7,9.9,6,"Rain, Partially cloudy",26
11/26/23,318,78.3,83.3,0.159,20.83,21.5,14.5,146.8,50.1,9.4,6,"Rain, Partially cloudy",28
11/27/23,360,73.9,83.2,0,0,22.1,11.8,320.4,42.6,9.8,8,Partially cloudy,28
11/28/23,321,66.2,71,0,0,19,10.3,332.5,16.9,9.9,8,Clear,26
11/29/23,351,65.5,71.8,0,0,19.2,9.6,349.8,33.7,9.9,8,Partially cloudy,24
11/30/23,380,71.4,71.8,0.005,4.17,22.6,12.8,76.7,46.8,9.9,6,"Rain, Partially cloudy",28
12/1/23,465,78.7,78.7,0,0,19.5,13.9,116.8,42.2,9.9,8,Partially cloudy,29
12/2/23,624,80.1,82.1,0,0,22.1,15.2,138.7,36.8,9.9,4,Partially cloudy,34
12/3/23,566,79.5,81.5,0,0,18.8,10.5,215.4,32.3,9.8,7,Partially cloudy,33
12/4/23,403,77.3,81,0,0,14.1,8.5,258.3,16.6,9.6,5,Clear,30
12/5/23,425,73.9,63.4,0,0,24.2,7.9,318.5,12,9.9,6,Clear,29
12/6/23,398,64,52.6,0,0,23,14.2,324.4,15,9.9,7,Clear,27
12/7/23,349,65.8,63.5,0,0,23,12,29.5,74,9.9,9,Partially cloudy,26
12/8/23,422,74.6,62.9,0,0,24.2,14.6,103.7,69.4,9.9,7,Partially cloudy,30
12/9/23,679,77,68.9,0.005,4.17,27.7,17.5,122.1,41.9,9.9,7,"Rain, Partially cloudy",35
12/10/23,602,78.2,75.3,0,0,27.2,17.3,150,45.4,9.9,6,Partially cloudy,34
12/11/23,454,67,75,0.01,4.17,30.6,12.9,332.5,19.5,9.9,6,Rain,29
12/12/23,337,68.6,71.3,0.004,4.17,30.5,16.7,28.8,71.7,9.9,3,"Rain, Partially cloudy",28
12/13/23,35,73.9,81.8,0.18,41.67,36.8,20.8,54.6,97,9.3,1,"Rain, Overcast",16
12/14/23,33,71.9,85,0.167,91.67,41.1,24.9,54.4,99,8.6,2,"Rain, Overcast",16
12/15/23,206,73.3,68.3,0.027,12.5,40.1,25.2,66.5,98.2,9.7,3,"Rain, Overcast",18
12/16/23,34,73.9,86.9,1.119,75,45.1,28.2,100.9,98.9,7.4,2,"Rain, Overcast",16
12/17/23,317,74.4,77.8,0.633,33.33,43,23.7,225,57.6,9.3,8,"Rain, Partially cloudy",26
12/18/23,390,65.1,73.3,0,0,25.3,16.2,291.1,10.6,9.9,7,Clear,28
12/19/23,297,62.2,68.8,0,0,23.9,11.4,335.6,8.8,9.9,7,Clear,24
12/20/23,245,68.1,58.6,0,0,30.5,16.3,56.9,93.4,9.9,2,Overcast,23
12/21/23,385,71.6,52.6,0,0,30.9,16.7,65.5,88.3,9.9,7,Partially cloudy,26
12/22/23,608,70.6,60.7,0,0,21.9,12.3,47.1,54,9.9,6,Partially cloudy,34
12/23/23,524,73.1,65.4,0.007,8.33,26.5,15.8,67,46.5,9.9,7,"Rain, Partially cloudy",30
12/24/23,247,73.8,70.7,0.18,41.67,30.4,20,90.1,71.7,9.8,4,"Rain, Partially cloudy",26
12/26/23,278,75.5,83.8,0.442,25,34.4,17.5,198.5,62.7,9.4,7,"Rain, Partially cloudy",25
12/27/23,348,69.3,74.3,0,0,17.9,10.1,306.3,18.4,9.9,7,Clear,28
12/28/23,54,64.3,83.2,0.296,25,21,10.7,325.1,73,8.6,1,"Rain, Partially cloudy",10
12/29/23,358,64.2,78.6,0,0,21.3,13.6,289.7,28.4,9.9,6,Partially cloudy,25
12/30/23,434,59.3,73.9,0,0,20.1,9.8,289.2,21,9.9,3,Partially cloudy,28
12/31/23,474,60,71.7,0,0,21.9,9,326.2,1.1,9.5,7,Clear,29
1/1/24,227,61.4,70.7,0,0,16.1,7.4,301.4,5.4,8.4,7,Clear,16
1/2/24,377,61.5,70.2,0,0,24,12.8,314.2,11.4,9.9,6,Clear,26
1/3/24,356,63.6,69.7,0,0,25.3,13.3,164.8,29.8,9.9,6,Partially cloudy,27
1/4/24,294,68.2,77.4,0,0,28.9,18,290.8,48.2,9.9,6,Partially cloudy,24
1/5/24,397,71.3,72.9,0.005,4.17,27.8,18.7,89.6,81.3,9.9,5,"Rain, Partially cloudy",26
1/6/24,235,75.3,84.5,0.216,12.5,33.3,17.1,169.3,67.1,9.7,1,"Rain, Partially cloudy",24
1/7/24,232,67.9,81.4,0.132,12.5,22.6,14.7,312.1,59.9,9.6,2,"Rain, Partially cloudy",24
1/8/24,263,70.7,72,0,0,36.5,23.3,78.9,63.1,9.9,4,Partially cloudy,23
1/9/24,239,77.5,80.2,0.001,4.17,39.9,24.3,157.5,78.2,9.9,3,"Rain, Partially cloudy",21
1/10/24,307,67.8,70.6,0.047,8.33,34.2,11.8,311.2,73,9.8,4,"Rain, Partially cloudy",26
1/11/24,34,66.1,87.9,0.193,50,17.4,12.3,10.4,98.7,7.4,2,"Rain, Overcast",10
1/12/24,271,78.3,83.9,0.109,12.5,28,15.1,155.7,60.4,9.5,7,"Rain, Partially cloudy",23
1/13/24,267,75.2,81.6,0.019,12.5,30.2,17.4,235.1,64.1,9.7,5,"Rain, Partially cloudy",24
1/14/24,80,69,81.4,0.379,41.67,29.2,17.1,45,98.1,8.2,2,"Rain, Overcast",10
1/15/24,326,76.6,82.7,0,0,24.2,16.4,136.1,67.7,9.8,4,Partially cloudy,26
1/16/24,232,77.8,82.7,0.008,8.33,26.4,13.6,210.2,45,9.9,6,"Rain, Partially cloudy",24
1/17/24,267,70.6,76.8,0,0,24.2,15,355.8,86.5,9.9,7,Partially cloudy,24
1/18/24,229,75.9,78.7,0,0,18.6,14,109.8,78.1,9.9,4,Partially cloudy,23
1/19/24,242,71.3,87.3,0.005,4.17,13.9,8.7,308.8,73.6,9.6,3,"Rain, Partially cloudy",22
1/20/24,660,66.2,68.1,0,0,24.2,13.1,351.7,28,9.9,10,Partially cloudy,36
1/21/24,536,61.4,61.6,0,0,29.6,18.4,29.5,43.5,9.9,8,Partially cloudy,34
1/22/24,331,69.6,61.3,0,0,32.6,22.3,81.3,92.9,9.9,4,Overcast,28
1/23/24,396,74.9,67.6,0.005,4.17,30.2,19.3,108,68.6,9.9,7,"Rain, Partially cloudy",27
1/24/24,534,77,74.6,0,0,28.3,18.7,109.6,44.2,9.9,7,Partially cloudy,30
1/25/24,472,76.8,78.9,0,0,26.4,17.1,123.2,45.6,9.9,5,Partially cloudy,30
1/26/24,694,77.2,75.4,0,0,21.5,13.7,123.1,33,9.9,4,Partially cloudy,34
1/27/24,716,77.8,79.9,0.005,4.17,30.8,19.8,146.9,60.1,9.9,8,"Rain, Partially cloudy",52
1/28/24,666,74.9,80.1,0.122,16.67,31.2,19.1,260.4,40.8,9.5,7,"Rain, Partially cloudy",40
1/29/24,494,59,67.9,0,0,28.6,16.9,311.5,9.5,9.9,8,Clear,31
1/30/24,443,61.5,66.4,0,0,16.3,11,303.7,25.8,9.9,7,Partially cloudy,31
1/31/24,520,63.2,64.5,0,0,23,14.7,293.9,6.7,9.9,7,Clear,33
2/1/24,431,63.6,66.3,0,0,17.2,9.9,334.8,22.1,9.9,6,Partially cloudy,30
2/2/24,514,67.4,69.7,0,0,17.2,9.2,155.4,41.9,9.9,8,Partially cloudy,34
2/3/24,698,67.7,71.7,0,0,23,12,144.5,27.5,9.9,7,Partially cloudy,39
2/4/24,305,70.5,73.9,0.221,8.33,35.6,18.6,158.4,44,9.4,7,"Rain, Partially cloudy",28
2/5/24,111,62.7,85.1,0.024,16.67,26.2,13.9,319.4,43.6,9.6,3,"Rain, Partially cloudy",10
2/6/24,289,61.6,73.3,0,0,33.1,21.5,310.8,67.7,9.9,7,Partially cloudy,12
2/7/24,553,64.4,64,0,0,27.2,13.5,343,16.4,9.9,8,Clear,34
2/8/24,424,68.3,71.4,0.005,4.17,21.9,14.8,53.6,76.5,9.9,7,"Rain, Partially cloudy",30
2/9/24,477,72.4,57.7,0,0,24.2,15.2,102.5,89.3,9.9,4,Partially cloudy,30
2/10/24,737,73.9,62.7,0,0,22.4,15.8,127.8,81.6,9.9,10,Partially cloudy,51
2/11/24,651,75.4,76.7,0.005,4.17,29.9,16.2,153.6,59.4,9.9,8,"Rain, Partially cloudy",43
2/12/24,517,78.1,71.1,0,0,33,20.3,181.2,47,9.9,6,Partially cloudy,35
2/13/24,391,73.8,67.9,0.186,16.67,26.4,14.3,276.2,47.7,9.9,8,"Rain, Partially cloudy",28
2/14/24,473,67.5,69.1,0,0,22,13.6,36.9,20.5,9.9,9,Partially cloudy,30
2/15/24,406,71.9,58.8,0,0,21,12.4,100.4,29,9.9,9,Partially cloudy,29
2/16/24,495,72.7,68.7,0,0,22.2,14.4,140.9,27.6,9.9,9,Partially cloudy,30
2/17/24,553,74.7,76.6,0,0,24.2,16.1,219.7,43.1,9.9,9,Partially cloudy,31
2/18/24,33,68.7,94.9,2.977,66.67,33.6,17.6,3.9,91.8,7.7,2,"Rain, Overcast",16
2/19/24,239,62.8,85.6,0.089,12.5,27.7,16.5,312.5,78.4,9.3,10,"Rain, Partially cloudy",25
2/20/24,291,60.5,60.7,0,0,21.3,12.8,316.5,1.1,9.9,9,Clear,25
2/21/24,316,62.3,60.5,0,0,23,12.2,335.5,7,9.9,8,Clear,26
2/22/24,241,64.1,72.4,0.004,4.17,15.4,8.2,5.1,39.9,9.9,6,"Rain, Partially cloudy",24
2/23/24,409,69.2,66.9,0,0,31.4,18.3,229.9,25.7,9.9,8,Partially cloudy,30
2/24/24,500,69.2,61.6,0.069,8.33,26.4,15.3,285.3,42.9,9.8,8,"Rain, Partially cloudy",31
2/25/24,541,63.9,51.7,0,0,18.3,11.4,334.1,0.5,9.9,8,Clear,32
2/26/24,324,66.5,60.6,0,0,20.8,12,100.5,9.7,9.9,10,Clear,26
2/27/24,332,69.9,59.3,0,0,25.3,13.7,118.1,17.3,9.9,9,Clear,26
2/28/24,369,74.6,65.8,0,0,26.4,16.6,138.9,30.9,9.9,9,Partially cloudy,27
2/29/24,333,73.9,76.3,0,0,17,10.3,88.9,49.5,9.9,9,Partially cloudy,26
3/1/24,481,75.8,73.9,0.051,12.5,29.1,18.3,120.6,54.4,9.8,8,"Rain, Partially cloudy",29
3/2/24,525,75.7,73.7,0,0,22.8,13.7,142.3,41.1,9.9,10,Partially cloudy,30
3/3/24,340,74.6,83,0.953,37.5,21.9,14.2,125.8,76,9.2,4,"Rain, Partially cloudy",28
3/4/24,271,75.5,82.8,0.011,8.33,19.7,13.8,59.1,43.8,9.8,10,"Rain, Partially cloudy",26
3/5/24,337,76.6,78.9,0,0,20.8,11.6,102.8,39.1,9.9,10,Partially cloudy,26
3/6/24,108,75.8,84.9,0.34,25,26.8,11.2,180.1,56.1,9.6,4,"Rain, Partially cloudy",10
3/7/24,146,73.4,92.1,0.903,37.5,33.3,12.9,39.4,61.3,9.1,9,"Rain, Partially cloudy",14
3/8/24,374,76.6,85.8,0,0,24.2,14.1,138,39.6,9.1,5,Partially cloudy,27
3/9/24,497,79.9,81.6,0,0,28.7,17.9,159.6,31.2,9.9,9,Partially cloudy,30
3/10/24,352,78.5,80.9,0,0,27.8,18.7,263.9,63.5,9.9,6,Partially cloudy,26
3/11/24,427,71.8,68.2,0,0,21.9,13.4,29.2,15.2,9.9,9,Clear,29
3/12/24,375,73.1,64.6,0,0,20.4,12.8,97.4,24.2,9.9,10,Partially cloudy,28
3/13/24,461,74.9,68.8,0,0,20.8,13.6,123.7,34.8,9.9,8,Partially cloudy,29
3/14/24,414,76,69.1,0,0,20.8,11.7,100.5,13.2,9.9,9,Clear,28
3/15/24,565,77.2,69.5,0,0,23,16.1,126.1,21.9,9.9,10,Partially cloudy,30
3/16/24,717,77.9,76.5,0,0,16.6,12.9,150.4,32.6,9.9,10,Partially cloudy,42
3/17/24,685,79.4,75.5,0,0,24.2,14.2,185.8,36.8,9.9,10,Partially cloudy,36
3/18/24,489,81.4,69.7,0,0,29.4,16.9,233,27.8,9.9,8,Partially cloudy,30
3/19/24,415,72.1,65,0.015,8.33,26.7,16.3,8.8,28.5,9.9,9,"Rain, Partially cloudy",30
3/20/24,440,69.3,66.6,0,0,24.2,12.8,82.9,32.8,9.9,10,Partially cloudy,31
3/21/24,343,74.5,63.3,0,0,27.7,17.4,109.6,53.1,9.9,10,Partially cloudy,28
3/22/24,17,72.3,77.2,1.792,50,29.7,18.7,122.3,77.1,7.7,1,"Rain, Partially cloudy",10
3/23/24,187,73.6,84.3,0.473,29.17,33.3,22.9,205.8,67.5,9.4,8,"Rain, Partially cloudy",21
3/24/24,430,71.8,72.3,0.01,8.33,26.3,17.6,358,44.5,9.9,10,"Rain, Partially cloudy",29
3/25/24,317,75.6,63.9,0,0,31.7,23.6,82.8,58.8,9.9,9,Partially cloudy,26
3/26/24,320,77,67.9,0,0,26.4,17.1,125.3,67.6,9.9,9,Partially cloudy,26
3/27/24,363,77.5,74.5,0,0,25.3,15.1,133.8,49.4,9.9,9,Partially cloudy,27
3/28/24,359,79.5,68.9,0,0,34.4,24.6,242.3,43.3,9.9,9,Partially cloudy,27
3/29/24,651,71.7,63.2,0,0,25.6,15.5,28.9,24.7,9.9,10,Partially cloudy,34
3/30/24,746,71.9,56.2,0,0,21.9,13.8,108.9,21.1,9.9,9,Partially cloudy,52
4/1/24,513,75.6,64.3,0,0,21.9,14.3,135.8,35,9.9,10,Partially cloudy,41
4/2/24,446,77.6,71.5,0,0,28.3,16.6,156.4,24.3,9.9,10,Partially cloudy,32
4/3/24,452,82,69.3,0,0,35.2,22.3,205.8,31.4,9.9,10,Partially cloudy,32
4/4/24,306,74.9,64.6,0.316,16.67,28.4,15.2,280.8,65.7,9.7,9,"Rain, Partially cloudy",28
4/5/24,474,70.7,55.1,0,0,20.8,11.1,313.6,2.3,9.9,10,Clear,30
4/6/24,613,71.7,53.3,0,0,19.6,12.6,308.2,4.5,9.8,10,Clear,39
4/7/24,574,72.8,61.4,0,0,23,13.4,55.4,27.2,9.9,10,Partially cloudy,36
4/8/24,345,73.6,54.7,0,0,29.5,19,80,44.1,9.9,10,Partially cloudy,26
4/9/24,343,76.2,58,0,0,29.9,18,110.7,57.9,9.9,10,Partially cloudy,24
4/10/24,402,77.8,64.7,0,0,27.2,19.2,135.6,39.9,9.9,10,Partially cloudy,29
4/11/24,384,81.8,72.5,0.011,4.17,34.9,21.8,180.1,64,9.8,8,"Rain, Partially cloudy",28
4/12/24,643,75.1,66.4,0.004,4.17,23,12.2,321.6,17,9.9,10,Rain,41
4/13/24,741,72.5,56.6,0,0,23.7,15.3,11.1,4.4,9.9,10,Clear,42
4/14/24,686,72.3,58.6,0,0,27.6,14.2,60.5,19.1,9.9,10,Clear,40
4/15/24,488,74.1,59,0,0,25.3,12.2,71.6,17.6,9.9,10,Clear,30
4/16/24,371,77,58.3,0,0,27.8,17.7,86.9,40.3,9.9,10,Partially cloudy,28
4/17/24,498,77.3,60.3,0,0,27.6,17.5,91.5,39.1,9.9,10,Partially cloudy,31
4/18/24,447,77.9,63.7,0,0,21,13.5,110.1,29.5,9.9,10,Partially cloudy,30
4/19/24,584,77.9,69.3,0,0,21,12.2,123.2,13,9.9,10,Clear,33
4/20/24,660,79.2,68.5,0,0,21.4,15.1,145.8,3.4,9.9,9,Clear,36
4/21/24,613,80.3,68.3,0,0,27.7,17.7,162.8,21,9.9,10,Partially cloudy,35
4/22/24,326,76.9,76.8,0.146,12.5,40.3,16,318.6,51.7,9.8,8,"Rain, Partially cloudy",28
4/23/24,433,74.7,58.5,0,0,25.3,16.2,40.4,41,9.9,10,Partially cloudy,30
4/24/24,489,74.3,54.3,0,0,21.9,14.2,81.4,17.9,9.9,10,Clear,30
4/25/24,432,76.4,55.2,0,0,22.6,13.4,68.6,13.3,9.9,10,Clear,30
4/26/24,526,77.3,57.9,0,0,26.4,15.1,76.1,26.5,9.9,10,Partially cloudy,33
4/27/24,595,77.7,61.1,0.011,16.67,34.6,21.9,80.2,53.1,9.9,10,"Rain, Partially cloudy",34
4/28/24,544,76.4,65.2,0.074,16.67,35.7,21.9,85.9,71.3,9.7,6,"Rain, Partially cloudy",32
4/29/24,479,77.9,59.4,0.001,4.17,29.3,17.6,104.6,55.2,9.9,10,"Rain, Partially cloudy",29
4/30/24,228,78.1,75,0.318,33.33,26.4,16.6,132.5,74.6,9.6,9,"Rain, Partially cloudy",25
5/1/24,347,79,75.5,0.738,20.83,23.1,13.3,118.2,48.7,9.6,10,"Rain, Partially cloudy",26
5/2/24,382,80.1,68.7,0,0,24.2,16.1,91.3,31.1,9.9,10,Partially cloudy,27
5/3/24,478,80,67.5,0,0,23,15.9,83.3,35.6,9.9,10,Partially cloudy,29
5/4/24,578,80.5,67.4,0.005,4.17,23,15.2,102.8,32.1,9.9,10,"Rain, Partially cloudy",32
5/5/24,531,80.3,65.2,0,0,24.2,16.3,106.5,36.4,9.9,10,Partially cloudy,31
5/6/24,399,80.6,67,0,0,25.3,15.4,108.6,35.4,9.9,10,Partially cloudy,28
5/7/24,393,81,69.2,0,0,25.3,11.2,113.2,28.2,9.9,10,Partially cloudy,28
5/8/24,451,82.1,69.5,0,0,23,12.4,126.5,20.3,9.9,10,Partially cloudy,30
5/9/24,420,82.7,68.5,0,0,26.4,16,147.4,19.3,9.9,10,Clear,3
5/10/24,571,83.8,70.2,0,0,24.2,14.4,184.8,13.2,9.9,10,Clear,30
5/11/24,701,85.4,68.6,0,0,25.9,18,257.6,32.7,9.9,10,Partially cloudy,51
5/12/24,361,82.2,73.6,0,0,25.8,16.6,58.2,23.5,9.6,9,Partially cloudy,29
5/13/24,438,82.9,75.6,0,0,25.3,19.4,105.6,52.3,9.9,7,Partially cloudy,29
5/14/24,395,85.8,71.3,0,0,29.7,18.4,154.6,32.6,9.9,9,Partially cloudy,28
5/15/24,453,86.4,70.1,0,0,26.4,15.5,191.1,32,9.9,10,Partially cloudy,29
5/16/24,293,85.6,72,0.096,20.83,34.4,13.5,254.1,38,9.7,7,"Rain, Partially cloudy",26
5/17/24,519,85,75.1,0.015,4.17,22.7,12.8,193.4,26.7,9.9,10,"Rain, Partially cloudy",33
5/18/24,619,85.9,76.3,0.414,16.67,31.2,17.9,142,27,9.5,10,"Rain, Partially cloudy",33
5/19/24,495,85,74.9,0.172,12.5,30.1,17.4,161.7,43.5,9.8,10,"Rain, Partially cloudy",30
5/20/24,334,84.6,69.2,0.239,4.17,47.2,16.5,242.3,22.5,9.8,10,"Rain, Partially cloudy",26
5/21/24,325,81.8,72.6,0.002,4.17,23,14.8,49.7,25,9.9,10,"Rain, Partially cloudy",26
5/22/24,437,83,67.4,0,0,24.2,15.8,73.7,19,9.9,10,Clear,29
5/23/24,400,82.9,64.2,0,0,23,14.9,65.7,18.9,9.9,10,Clear,28
5/24/24,567,83,63.8,0,0,21.9,12.6,90.7,10.7,9.9,10,Clear,34
5/25/24,549,84.8,62.7,0,0,23,15.5,137.1,27.7,9.9,10,Partially cloudy,32
5/26/24,433,86.1,65.3,0,0,21.5,15,171,10.6,9.9,10,Clear,28
5/27/24,421,86.1,65.1,0,0,23.3,13.3,166.2,19.4,9.9,10,Clear,29
5/28/24,297,85.7,73,0.009,4.17,24.2,14.2,170.4,55.3,9.9,10,"Rain, Partially cloudy",25
5/29/24,382,85.2,72.1,0.013,8.33,20.1,14.5,153.1,26.8,9.9,10,"Rain, Partially cloudy",26
5/30/24,359,84.8,67.3,0,0,26.6,17.4,71.8,10.5,9.9,10,Clear,27
5/31/24,465,84.8,58.7,0,0,28.2,17.3,58.1,11.5,9.9,10,Clear,29
6/1/24,554,83.3,63.2,0.005,4.17,31.1,20.5,66.9,61.1,9.9,10,"Rain, Partially cloudy",30
6/2/24,484,82.6,68.2,0.024,8.33,30.1,18.8,93.5,65.7,9.9,5,"Rain, Partially cloudy",29
6/3/24,418,82.9,63.6,0,0,25.6,15.3,82.6,29.2,9.9,10,Partially cloudy,28
6/4/24,440,82.4,66.5,0,0,21.9,12.2,67.7,13.2,9.9,10,Clear,29
6/5/24,444,85,71.1,0,0,21.9,16.6,101.1,26.2,9.9,10,Partially cloudy,29
6/6/24,370,86.6,72.3,0.005,4.17,21.2,14,128.7,21,9.9,10,"Rain, Partially cloudy",27
6/7/24,315,84.2,73.7,0.021,12.5,32,14.6,219.1,26.7,9.9,10,"Rain, Partially cloudy",26
6/8/24,333,83.2,77.9,0.338,29.17,31.1,11.4,190.1,35.2,9.4,10,"Rain, Partially cloudy",26
6/9/24,464,85.4,73.7,0,0,25.3,14.3,157.2,29.7,9.9,10,Partially cloudy,28
6/10/24,255,85.2,73.7,0.029,8.33,27.9,15.4,190.2,35.9,9.9,10,"Rain, Partially cloudy",21
6/11/24,23,79.7,89.5,2.309,70.83,29.8,11.3,151.2,69.9,7.6,2,"Rain, Partially cloudy",13
6/12/24,19,78.3,93.3,4.225,66.67,31.5,15.1,146.6,82.2,6.9,1,"Rain, Partially cloudy",10
6/13/24,74,79.8,86.5,0.246,25,35.3,15.3,203.3,72.3,9.4,4,"Rain, Partially cloudy",18
6/14/24,141,81.5,82.2,0.359,41.67,31.1,10.9,205.3,64.2,9.4,6,"Rain, Partially cloudy",19
6/15/24,289,83.1,69.3,0.029,4.17,11.9,9.5,228.4,65.6,9.9,7,"Rain, Partially cloudy",23
6/16/24,336,84.6,72.1,0,0,19.7,11.7,67.5,40.8,9.9,8,Partially cloudy,27
6/17/24,256,84.9,70,0,0,30.8,21.9,81.6,41.7,9.9,10,Partially cloudy,26
6/18/24,302,84.6,65.4,0,0,26.4,16.1,86,32.8,9.9,10,Partially cloudy,26
6/19/24,282,84.5,73.4,0.058,8.33,31.6,22.5,87.9,49.6,9.7,10,"Rain, Partially cloudy",26
6/20/24,217,83.9,73.2,0.099,25,28.7,17.8,68.7,48.6,9.9,10,"Rain, Partially cloudy",24
6/21/24,379,84.8,76.4,0.023,4.17,23,13.3,97.8,45.2,9.9,10,"Rain, Partially cloudy",28
6/22/24,205,82.7,84.4,0.255,50,29.8,14,118,53.9,9.8,7,"Rain, Partially cloudy",25
6/23/24,257,82.5,78.3,0.397,37.5,28.7,14.5,116.6,51.3,9.8,10,"Rain, Partially cloudy",26
6/24/24,191,82.8,76.7,0.025,4.17,19.5,14.2,118,53.3,9.9,9,"Rain, Partially cloudy",24
6/25/24,160,83.1,78.1,0.23,20.83,26.4,10.3,226.8,36.1,9.8,10,"Rain, Partially cloudy",25
6/26/24,161,82.9,82.6,0.034,16.67,14.5,8.2,227.3,36.6,9.9,9,"Rain, Partially cloudy",26
6/27/24,240,84.9,76.9,0.196,16.67,23,12.5,177.7,29.8,9.7,10,"Rain, Partially cloudy",26
6/28/24,221,84.4,76.5,0.233,12.5,31.1,12.8,149.9,21.1,9.7,10,"Rain, Partially cloudy",24
6/29/24,374,85,76.5,0,0,21.9,13.4,80.4,27.8,9.9,9,Partially cloudy,27
6/30/24,69,81.5,85.1,0.678,33.33,23,13.9,79.1,44,9.4,4,"Rain, Partially cloudy",10
7/1/24,125,82.2,81,0.25,16.67,18.3,12.3,115.2,30,9.8,10,"Rain, Partially cloudy",20
7/2/24,166,85.8,76.1,0.116,16.67,18.3,13.9,122.1,33.7,9.7,10,"Rain, Partially cloudy",23
7/3/24,344,86.2,77.5,0.15,12.5,21.9,14.5,92.2,36.7,9.9,10,"Rain, Partially cloudy",26
7/4/24,236,86.4,73,0,0,20.8,13,90.4,21.2,9.9,10,Partially cloudy,24
7/5/24,357,85.8,73.7,0,0,23,17.1,79,34.9,9.9,9,Partially cloudy,26
7/6/24,393,85.9,68.5,0,0,17.2,9.9,97.1,26.6,9.9,10,Partially cloudy,26
7/7/24,431,87.2,73.4,0.002,4.17,17.2,14,127.2,38.8,9.9,10,"Rain, Partially cloudy",26
7/8/24,297,87.5,74.4,0,0,18.3,14.3,162.7,25.4,9.9,7,Partially cloudy,21
7/9/24,192,86.5,73.1,0.184,8.33,29.8,14.1,119.9,45.4,9.9,2,"Rain, Partially cloudy",26
7/10/24,316,84.8,73.1,0.052,12.5,35.6,12.8,82.3,34,9.9,2,"Rain, Partially cloudy",26
7/11/24,224,81,72.6,0.144,25,29.9,16.5,245.4,65.9,9.5,1,"Rain, Partially cloudy",26
7/12/24,553,82.4,75,0.013,8.33,32.2,13.7,189.9,57.3,9.9,5,"Rain, Partially cloudy",30
7/13/24,638,84.7,78.2,0,0,22.2,13,93.2,32.2,9.9,7,Partially cloudy,34
7/14/24,605,86.9,76.5,0,0,21.3,14.2,91.7,43.1,9.9,8,Partially cloudy,35
7/15/24,364,86.1,75.1,0,0,18.3,12,101.1,34.4,9.9,5,Partially cloudy,26
7/16/24,346,86.7,70.6,0.01,12.5,20.8,14.5,112.1,36.7,9.9,7,"Rain, Partially cloudy",26
7/17/24,393,86.8,70.8,0,0,20.8,14,96.7,35.5,9.9,6,Partially cloudy,29
7/18/24,299,87.6,69.8,0.008,4.17,24.2,13.1,129.6,30.9,9.9,7,"Rain, Partially cloudy",27
7/19/24,376,87.8,72.9,0.029,16.67,21.9,14.5,134.5,35.8,9.8,7,"Rain, Partially cloudy",27
7/20/24,479,86.8,74.5,0.475,12.5,28.1,14,111.7,35.2,9.8,5,"Rain, Partially cloudy",30
7/21/24,484,87.1,76.3,0.06,16.67,28,15.4,100.3,41,9.8,6,"Rain, Partially cloudy",30
7/22/24,111,81.6,85.3,0.756,50,31.6,14.3,167.3,49.4,9.6,4,"Rain, Partially cloudy",12
7/23/24,198,84.5,80.6,0.137,20.83,27.7,16.3,103.3,34.6,9.9,6,"Rain, Partially cloudy",16
7/24/24,292,87.1,73.6,0.025,8.33,31.1,17,107.8,38.9,9.9,7,"Rain, Partially cloudy",23
7/25/24,304,86.9,70.7,0.003,4.17,23.3,15.2,101.4,28.7,9.9,8,"Rain, Partially cloudy",26
7/26/24,415,86.5,70.2,0,0,20.8,13,126.4,25.2,9.9,7,Partially cloudy,28
7/27/24,517,86.8,70.3,0,0,25.3,13.2,128.8,21.7,9.9,8,Partially cloudy,31
7/28/24,410,86.3,71.4,0.077,12.5,18.3,14.1,158.1,33.4,9.9,5,"Rain, Partially cloudy",28
7/29/24,191,83.8,79.7,0.22,20.83,35.6,8.5,286.1,35.2,9.8,2,"Rain, Partially cloudy",17
7/30/24,157,84.3,76.9,0,0,19.7,11.5,149.9,26.9,9.9,1,Partially cloudy,19
7/31/24,272,86.6,73.7,0.124,8.33,23,11.6,104.8,34.6,9.8,8,"Rain, Partially cloudy",20
8/1/24,255,87.6,72.8,0.024,8.33,24.2,13.9,90.6,34.4,9.9,7,"Rain, Partially cloudy",23
8/2/24,222,86.6,76.1,0.202,25,36.6,18.5,87.2,44.3,9.6,5,"Rain, Partially cloudy",23
8/3/24,191,84.7,77.9,0.698,41.67,41,19.4,115.1,49.2,9.4,3,"Rain, Partially cloudy",20
8/4/24,146,83.9,80.5,0.532,37.5,38.1,21.3,149.8,51.9,9.5,4,"Rain, Partially cloudy",21
8/5/24,194,86.4,75.6,0.124,16.67,33.3,17.3,191.2,45.4,9.9,3,"Rain, Partially cloudy",23
8/6/24,206,86.8,75.1,0.325,8.33,33.4,15.8,218.7,31.8,9.9,5,"Rain, Partially cloudy",24
8/7/24,273,85.9,78.4,0.251,8.33,31.6,15,234,36.9,9.7,7,"Rain, Partially cloudy",23
8/8/24,241,85.9,76.9,0.024,8.33,29.9,12.5,218.5,36.7,9.9,2,"Rain, Partially cloudy",24
8/9/24,288,84,77.8,0.284,4.17,31.8,12.5,204.1,30.3,9.8,4,"Rain, Partially cloudy",25
8/10/24,446,85.8,73.5,0,0,15.4,12.7,165.4,14.9,9.9,7,Clear,30
8/11/24,509,86.1,75,0,0,20.8,13.4,111.4,19.1,9.9,7,Clear,31
8/12/24,293,85.8,75.6,0.025,4.17,23,13.4,103.3,20.7,9.9,7,"Rain, Partially cloudy",25
8/13/24,336,86.6,75.4,0.075,16.67,19.7,10.4,103.4,20.3,9.9,7,"Rain, Partially cloudy",28
8/14/24,292,87.8,73.6,0.056,4.17,20.8,9.5,132.9,27.4,9.9,8,"Rain, Partially cloudy",26
8/15/24,232,85.6,77.7,0.689,20.83,27.4,16.7,57.1,47.2,9.6,7,"Rain, Partially cloudy",26
8/16/24,178,83.8,76.2,0.456,33.33,24.9,14.2,52.8,72.9,9.6,2,"Rain, Partially cloudy",24
8/17/24,458,85.4,64.1,0,0,23.3,15,79,64.3,9.9,6,Partially cloudy,30
8/18/24,408,84,72.4,0.014,8.33,20.8,14,108.4,32.6,9.9,7,"Rain, Partially cloudy",29
8/19/24,202,83.8,79.4,0.059,8.33,29.8,11.4,215.7,24.3,9.8,1,"Rain, Partially cloudy",25
8/20/24,261,86.4,74,0.004,8.33,25.3,16.9,230,22.9,9.9,5,"Rain, Partially cloudy",26
8/21/24,225,83.3,78.9,0.081,12.5,37.8,10.3,209.5,26,9.7,8,"Rain, Partially cloudy",25
8/22/24,103,80.8,85,0.491,20.83,41.6,11.5,56.9,30.7,9.6,1,"Rain, Partially cloudy",10
8/23/24,288,83.8,78.2,0.353,20.83,30.8,16.5,77.4,35.6,9.6,2,"Rain, Partially cloudy",26
8/24/24,367,83.2,78.3,0.226,20.83,36.7,15,82.6,39.4,9.8,4,"Rain, Partially cloudy",26
8/25/24,244,83,81.9,0.211,20.83,18.1,9.8,77.7,48.3,9.7,3,"Rain, Partially cloudy",24
8/26/24,259,84.6,78.1,0.289,37.5,36.8,12.5,97.5,45.4,9.8,8,"Rain, Partially cloudy",23
8/27/24,223,86.6,74.6,0,0,24.2,16,85.2,50.1,9.9,4,Partially cloudy,23
8/28/24,202,84.8,77.8,0.042,20.83,31.1,14.5,112.6,43.5,9.8,4,"Rain, Partially cloudy",23
8/29/24,114,81.3,84.8,1.032,70.83,40.3,13.3,85.7,59.9,9.5,2,"Rain, Partially cloudy",21
8/30/24,279,83.5,78.9,0.209,16.67,30.4,18.5,89.9,37.3,9.9,7,"Rain, Partially cloudy",23
8/31/24,261,81.4,83.4,0.486,33.33,29.5,16.4,127.5,55.5,9.5,4,"Rain, Partially cloudy",21
9/1/24,120,81.6,82.1,0.191,29.17,27.4,16.6,158.5,52.1,9.7,5,"Rain, Partially cloudy",21
9/2/24,220,82.8,84.1,0.177,41.67,24.2,14.9,142.8,47.9,9.9,8,"Rain, Partially cloudy",23
9/3/24,75,82,87.9,0.438,41.67,40.3,12.3,117.1,47.9,9.6,1,"Rain, Partially cloudy",10
9/4/24,248,85.6,81.8,0.003,4.17,23,15.1,110.5,46,9.9,4,"Rain, Partially cloudy",21
9/5/24,281,85.4,79,0.094,12.5,25.3,14.4,102.8,43.3,9.8,5,"Rain, Partially cloudy",21
9/6/24,366,85.9,76.3,0.01,12.5,21.4,13.9,115,37.1,9.9,7,"Rain, Partially cloudy",26
9/7/24,480,85.6,77.8,0.034,16.67,20.8,13.9,140,31.7,9.9,6,"Rain, Partially cloudy",30
9/8/24,416,85.3,77.3,0.378,16.67,23,13.4,122.5,36.4,9.9,7,"Rain, Partially cloudy",30
9/9/24,234,85.1,81.6,0.951,33.33,24.2,11.8,141.5,37.8,9.6,7,"Rain, Partially cloudy",24
9/10/24,88,81.7,90.5,0.425,50,19.9,11.3,100.8,54.9,9.6,7,"Rain, Partially cloudy",21
9/11/24,185,83.5,84.8,1.124,41.67,21.9,13.4,143.8,53.5,9.3,6,"Rain, Partially cloudy",21
9/12/24,160,84.5,83.3,0.031,16.67,16.1,12.3,159.3,37.2,9.9,5,"Rain, Partially cloudy",20
9/13/24,273,85.2,79.8,0.162,20.83,36.7,12.4,155.8,31.9,9.8,4,"Rain, Partially cloudy",25
9/14/24,313,83.8,84.5,0.473,12.5,25.3,9.3,280.1,31.8,9.6,5,"Rain, Partially cloudy",25
9/15/24,170,82.8,87.3,0.153,20.83,17.9,8.5,272.2,30.2,9.8,4,"Rain, Partially cloudy",10
9/16/24,240,83.6,81.4,0.214,8.33,21.9,13.4,267.8,32.6,9.8,6,"Rain, Partially cloudy",14
9/17/24,151,83.5,78.2,0.002,4.17,19.7,9,238.5,42.9,9.9,4,"Rain, Partially cloudy",14
9/18/24,256,82.7,78.5,0.183,25,24.2,11.7,143.1,43.5,9.7,4,"Rain, Partially cloudy",16
9/19/24,169,80,86,1.101,37.5,40.7,10.5,282.8,43.5,9.6,7,"Rain, Partially cloudy",18
9/20/24,300,81.6,80,0,0,22.4,14.6,30.9,29.6,9.9,6,Partially cloudy,27
9/21/24,410,83.8,74.4,0,0,19.7,12.2,45.1,23.3,9.9,6,Partially cloudy,28
9/22/24,380,83.7,73.8,0.014,8.33,18.3,11.7,37.2,28.7,9.9,4,"Rain, Partially cloudy",27
9/23/24,285,84.6,73.2,0,0,21.8,13.7,71.8,37.5,9.9,6,Partially cloudy,26
9/24/24,215,85.8,72,0.005,4.17,23.5,16.4,96.4,42.8,9.9,5,"Rain, Partially cloudy",21
9/25/24,72,83.5,80.2,0.529,37.5,38.9,16.8,128.1,54.7,9.7,3,"Rain, Partially cloudy",10
9/26/24,55,85.5,77.5,0.26,25,46.1,28,154.8,62.1,9.4,4,"Rain, Partially cloudy",10
9/27/24,173,85.1,79.3,0.051,16.67,35.6,20.6,199.3,47.5,9.9,5,"Rain, Partially cloudy",13
9/28/24,414,86.3,79.7,0.005,12.5,24.2,12.7,177.4,28.3,9.9,4,"Rain, Partially cloudy",30
9/29/24,432,85.2,79.1,0,0,17.2,14.4,146,9.3,9.9,7,Clear,30
9/30/24,223,84.5,80.4,1.955,20.83,18.3,11.6,116.5,39.8,9.3,6,"Rain, Partially cloudy",24
10/1/24,286,85.2,78.5,0.172,8.33,13.2,12.2,134.3,17.7,9.8,6,Rain,26
10/2/24,310,84.2,76.4,0,0,9.2,10.7,143.6,17.5,9.9,4,Clear,28
10/3/24,287,84.6,73.6,0,0,18.6,11.5,99.3,18.8,9.9,7,Clear,24
10/4/24,152,82.7,80.5,1.164,25,21.9,12.6,65.4,37.7,9.4,4,"Rain, Partially cloudy",21
10/5/24,197,81.5,78.7,1.18,33.33,23,12.8,99.6,77.3,9.6,4,"Rain, Partially cloudy",23
10/6/24,72,80,85.7,1.785,45.83,27.7,14.5,109.8,82.2,9.2,1,"Rain, Partially cloudy",21
10/7/24,11,78,94.1,2.16,75,31.1,16.5,104,88.5,8.5,1,"Rain, Partially cloudy",23
10/8/24,70,79.4,91.5,0.052,33.33,21.3,8.2,285,75.1,9.8,1,"Rain, Partially cloudy",21
10/9/24,35,83.8,84.3,0.025,12.5,43.9,25.9,149.4,67.6,9.9,2,"Rain, Partially cloudy",10
10/10/24,421,81.1,72.1,0.022,4.17,47.6,26.4,265.6,66.4,9.9,5,"Rain, Partially cloudy",30
10/11/24,183,77.9,81.3,0.541,16.67,26.2,14.1,16.5,80.7,9.4,1,"Rain, Partially cloudy",14
10/12/24,321,79.2,79,0.883,37.5,23,14.1,67.5,88.4,9.3,2,"Rain, Partially cloudy",28
10/13/24,231,78.5,85.3,0.7,54.17,24.2,12.8,55.4,91.9,9.5,2,"Rain, Overcast",27
10/14/24,358,80.4,78.8,0,0,18.3,12.5,21.9,23.9,9.9,7,Partially cloudy,28
10/15/24,306,79.9,75.1,0,0,9.2,10.6,50.8,14.7,9.9,2,Clear,26
10/16/24,367,78.9,74.4,0,0,28.5,15.6,7.3,43.4,9.9,6,Partially cloudy,26
10/17/24,323,76.3,62.6,0,0,30.8,18.6,35.9,82.3,9.9,3,Partially cloudy,27
10/18/24,287,77.4,69,0.003,4.17,32.2,19.9,57.8,94.4,9.9,1,"Rain, Overcast",21
10/19/24,563,80,65.7,0.008,8.33,33.8,21.1,60.9,87.7,9.9,3,"Rain, Partially cloudy",35
10/20/24,503,79.4,72.2,0.671,25,34.4,17.8,49.8,67.1,9.1,4,"Rain, Partially cloudy",34
10/21/24,213,80.2,74.7,0.046,12.5,25.9,16.6,41.3,52.6,9.8,7,"Rain, Partially cloudy",12
10/22/24,175,81.3,75.3,0.079,29.17,32.2,17.5,44.6,66.4,9.9,5,"Rain, Partially cloudy",11
10/23/24,248,79.3,77.8,0.152,20.83,24.2,12.5,23.1,50.3,9.8,6,"Rain, Partially cloudy",19
10/24/24,300,77.8,78.4,0,0,19.7,12.6,39.7,43.9,9.9,6,Partially cloudy,26
10/25/24,436,79.3,66.7,0,0,23.3,14,56.1,25.5,9.9,6,Partially cloudy,30
10/26/24,413,78.3,70.1,0,0,24.2,15.5,55.3,36.3,9.9,3,Partially cloudy,29
10/27/24,471,77.9,60.1,0,0,24.8,15.5,62.2,35.7,9.9,4,Partially cloudy,30
10/28/24,260,79.2,66.2,0.004,8.33,28,18.6,65.7,45.2,9.9,2,"Rain, Partially cloudy",24
10/29/24,273,80.8,65.4,0,0,31.9,19,75.3,35.6,9.9,4,Partially cloudy,24
10/30/24,286,80.6,74.1,0.212,29.17,34.6,22.3,79,79.5,9.6,4,"Rain, Partially cloudy",25
10/31/24,337,79.7,67.8,0.08,20.83,32.2,21,76.3,72.5,9.9,5,"Rain, Partially cloudy",28
11/1/24,285,80.8,72.5,0.014,8.33,27.7,17.9,80.3,59.9,9.8,5,"Rain, Partially cloudy",26
11/2/24,364,80.2,76.7,0.135,25,31.1,15.8,73.5,60.4,9.8,6,"Rain, Partially cloudy",29
11/3/24,483,80.3,69.4,0.017,20.83,30.2,19.4,69.6,49.9,9.8,6,"Rain, Partially cloudy",29
11/4/24,251,80.7,70.4,0.007,4.17,34.9,20.5,75.2,65.5,9.9,3,"Rain, Partially cloudy",21
11/5/24,92,80.9,85,0.122,54.17,36.9,22.7,87.6,94.8,9.6,2,"Rain, Overcast",10
11/6/24,154,82.6,85.4,0.01,4.17,32.9,22,104.7,95.7,9.9,2,"Rain, Overcast",15
11/7/24,283,82.1,78.7,0.005,4.17,33.2,22,106.5,68.2,9.9,4,"Rain, Partially cloudy",16
11/8/24,368,80.9,75.3,0.078,29.17,33.3,14.9,95.4,50.7,9.7,3,"Rain, Partially cloudy",26
11/9/24,539,80.6,71.4,0.002,4.17,24.6,15.2,75.5,34.9,9.9,5,"Rain, Partially cloudy",34
11/10/24,426,80.5,74.8,0.102,29.17,31.1,19.5,87.9,68.8,9.8,4,"Rain, Partially cloudy",30
11/11/24,374,80.4,81.7,0.02,8.33,13.6,12,78.2,39.3,9.9,6,"Rain, Partially cloudy",29
11/12/24,292,80.9,75.9,0,0,21.9,14,62.4,55.7,9.9,5,Partially cloudy,26
11/13/24,323,79.9,68.2,0,0,33.4,21.9,68,61.8,9.9,4,Partially cloudy,28
11/14/24,345,78.6,62.6,0,0,25.3,14.6,100.1,54.9,9.9,5,Partially cloudy,28
11/15/24,508,75.5,73.7,0,0,25.1,10.8,340,23.8,9.9,5,Partially cloudy,31
11/16/24,605,73.4,65.8,0,0,25.3,15.2,38.8,47.1,9.9,6,Partially cloudy,36
11/17/24,516,77,52,0,0,24.2,13.8,74.8,95.3,9.9,2,Overcast,33
11/18/24,352,77.9,55.5,0,0,20.8,13.1,108.4,97.1,9.9,4,Overcast,30
11/19/24,324,78.2,57.5,0,0,26.4,12.4,136.5,94.3,9.9,1,Overcast,27
11/20/24,262,78.4,71.5,0,0,26.4,13.7,206.5,56.8,9.9,1,Partially cloudy,24
11/21/24,414,72.3,73.4,0.031,20.83,25.7,14.8,315.6,45.4,9.7,5,"Rain, Partially cloudy",30
11/22/24,560,62.5,49.5,0,0,26.7,16.5,314.3,0.1,9.9,6,Clear,31
11/23/24,660,60.8,58,0,0,20.4,12.3,316.3,0.8,9.8,6,Clear,34
11/24/24,541,65.9,62.5,0,0,19.7,9.7,17,14.6,9.9,6,Clear,33
11/25/24,435,69.9,72.7,0,0,20.2,13.2,22.2,19.7,9.9,3,Clear,33
11/26/24,452,72.8,75,0,0,15,9.6,35.5,25.9,9.9,3,Partially cloudy,32
11/27/24,582,71.5,75.8,0,0,15,9.3,67.7,10.3,9.9,6,Clear,36
11/29/24,502,74.8,78.2,0,0,20.8,7.2,316,32.7,9.9,5,Partially cloudy,34
11/30/24,432,70,80.7,0,0,25.7,11.2,340.5,66.9,9.9,1,Partially cloudy,30
12/1/24,479,68.1,75.4,0.005,4.17,24.6,12.6,329.7,57.9,9.9,2,"Rain, Partially cloudy",31
12/2/24,390,63.9,60.9,0,0,23.6,15.5,340.4,11.1,9.9,5,Clear,29
12/3/24,398,61.8,45.4,0,0,27.1,13.2,338.8,1.7,9.9,5,Clear,26
12/4/24,342,63.1,59,0,0,21.9,12,17.4,40.6,9.9,5,Partially cloudy,26
12/5/24,369,67.5,65.5,0,0,11.6,6.6,334.3,22.7,9.9,5,Partially cloudy,28
12/6/24,489,68.6,66.2,0,0,16.6,7.7,312.6,2.8,9.9,5,Clear,30
12/7/24,566,68.1,71.6,0,0,28.9,14.5,18.4,37.2,9.9,4,Partially cloudy,33
12/8/24,590,70.2,65.1,0,0,21.9,13,70.5,36.5,9.9,2,Partially cloudy,33
12/9/24,371,74.2,64.7,0,0,23,14,117.7,44.8,9.9,4,Partially cloudy,29
12/10/24,347,75.9,69,0,0,24.4,15.5,127.8,40.6,9.9,3,Partially cloudy,27
12/11/24,380,77.1,74.6,0.008,8.33,29.1,16.1,207.7,58.6,9.9,4,"Rain, Partially cloudy",26
12/12/24,415,65.6,60.8,0,0,30.8,17.5,12.1,91.7,9.9,3,Overcast,30
12/13/24,507,72.5,57.6,0,0,29.8,19.1,54.3,82,9.9,1,Partially cloudy,31
12/14/24,297,74.3,74.6,0.146,16.67,36.8,25.1,63.6,70.9,9.7,3,"Rain, Partially cloudy",25
12/15/24,415,75.4,73.6,0.019,8.33,35.5,22.2,60.7,80.9,9.9,3,"Rain, Partially cloudy",30
12/16/24,211,76.2,81.5,0.192,50,29.5,17.6,60.1,82.8,9.6,3,"Rain, Partially cloudy",21
12/17/24,197,77.3,85.5,0.131,37.5,28.5,16.9,80.4,64.8,9.8,1,"Rain, Partially cloudy",21
12/18/24,191,76.5,87.1,3.092,45.83,44.7,20.7,125.3,64.4,9.1,2,"Rain, Partially cloudy",23
12/19/24,300,75.5,82,0,0,16.6,11.7,22,24,9.7,4,Partially cloudy,26
12/20/24,329,69.4,84.2,0,0,18.3,12,309.6,14.5,9.2,4,Clear,27
12/21/24,490,61.1,61.2,0,0,20.8,11.1,317.6,5.5,9.9,4,Clear,30
12/22/24,430,64.6,74.1,0,0,20.8,11.8,349.5,27.5,9.9,4,Partially cloudy,30
12/23/24,415,68.6,73.7,0,0,21.5,14.4,62.1,35.6,9.9,4,Partially cloudy,30
12/24/24,410,69.6,81.2,0.022,8.33,23,14.1,5.3,41.8,9.8,4,"Rain, Partially cloudy",30
12/26/24,291,74.8,76.3,0.005,4.17,21,11,69.7,55.1,9.9,4,"Rain, Partially cloudy",25
12/27/24,249,76.1,76.8,0.008,12.5,25.3,14.9,121.1,51.5,9.9,1,"Rain, Partially cloudy",26
12/28/24,199,76.4,75.6,0,0,29.9,19.4,118.4,68,9.9,2,Partially cloudy,20
12/29/24,112,73.7,83.6,0.416,45.83,31.9,20.5,145.1,88.8,9.5,1,"Rain, Partially cloudy",12
12/30/24,289,75,87.7,0,0,14.3,12.3,153.8,54.3,9.9,2,Partially cloudy,23
12/31/24,444,75.3,85.5,0.022,4.17,33.3,12.2,226.7,31.4,8.1,4,"Rain, Partially cloudy",30